Year,Division,RK,NCAA.SCHOOL,CONFERENCE,SIGNED,ESPN.150,ESPN.300,FiveStar,FourStar,ThreeStar,OFF,DEF,SpecTeams,Athlete
2013,I-A,1,Georgia,SEC,33,5,14,0,21,12,12,18,0,3
2013,I-A,2,Western Kentucky,Sun Belt,33,0,0,0,1,6,15,17,1,0
2013,I-A,3,Texas A&M,SEC,32,5,10,0,17,14,11,18,0,1
2013,I-A,4,Florida,SEC,30,11,16,2,20,7,13,14,1,2
2013,I-A,5,Memphis,Conference USA,30,0,0,0,0,9,14,10,2,2
2013,I-A,6,Marshall,Conference USA,29,0,0,0,5,10,14,13,0,2
2013,I-A,7,Mississippi,SEC,28,5,10,2,12,13,15,7,1,3
2013,I-A,8,Boise State,Mountain West,28,0,0,0,2,20,11,14,1,2
2013,I-A,9,Pittsburgh,Big East,28,1,2,0,2,23,11,9,2,3
2013,I-A,10,Fresno State,Mountain West,28,1,1,0,1,9,14,12,1,1
2013,I-A,11,LSU,SEC,27,7,15,0,20,7,10,10,0,4
2013,I-A,12,Michigan,Big Ten,27,10,15,0,17,9,14,8,0,3
2013,I-A,13,Southern Miss,Conference USA,27,0,0,0,1,6,13,11,1,2
2013,I-A,14,Idaho,WAC,27,0,0,0,0,0,11,11,1,3
2013,I-A,15,Vanderbilt,SEC,26,1,5,0,12,13,11,10,1,1
2013,I-A,16,West Virginia,Big 12,26,0,2,0,8,16,11,11,1,2
2013,I-A,17,Nebraska,Big Ten,26,0,2,0,10,14,9,11,0,3
2013,I-A,18,Arizona State,Pac-12,26,0,0,0,2,20,8,14,1,2
2013,I-A,19,Arizona,Pac-12,26,0,1,0,4,20,11,8,0,4
2013,I-A,20,Houston,Conference USA,26,0,0,0,0,20,10,11,1,2
2013,I-A,21,Illinois,Big Ten,26,0,1,0,3,18,10,13,0,3
2013,I-A,22,Alabama,SEC,25,14,18,1,19,4,11,9,0,3
2013,I-A,23,California,Pac-12,25,0,1,0,7,16,10,11,1,2
2013,I-A,24,Oregon State,Pac-12,25,0,1,0,4,19,7,15,0,3
2013,I-A,25,Kansas,Big 12,25,0,0,0,1,21,9,14,1,0
2013,I-A,26,Wake Forest,ACC,25,0,0,0,1,19,9,14,1,0
2013,I-A,27,Iowa State,Big 12,25,0,0,0,1,22,12,9,0,2
2013,I-A,28,Hawaii,Mountain West,25,0,2,0,2,6,13,11,0,0
2013,I-A,29,North Carolina State,ACC,25,0,0,0,1,18,14,9,0,2
2013,I-A,30,Brigham Young,IA Independents,25,0,0,0,1,10,14,10,0,0
2013,I-A,31,Middle Tennessee,Sun Belt,25,0,0,0,0,7,13,11,1,0
2013,I-A,32,New Mexico,Mountain West,25,0,0,0,0,4,9,10,0,5
2013,I-A,33,Tulane,Conference USA,25,0,1,0,1,5,8,16,0,0
2013,I-A,34,South Alabama,Sun Belt,25,0,0,0,0,5,9,13,1,2
2013,I-A,35,Florida Atlantic,Sun Belt,25,0,0,0,0,3,12,10,0,2
2013,I-A,36,UTSA,WAC,25,0,0,0,0,3,7,17,0,1
2013,I-A,37,Ohio State,Big Ten,24,12,17,1,18,5,6,15,0,1
2013,I-A,38,Notre Dame,IA Independents,24,10,13,2,18,4,12,7,0,4
2013,I-A,39,UCLA,Pac-12,24,6,10,0,12,11,8,11,1,2
2013,I-A,40,Oklahoma,Big 12,24,2,7,0,9,14,8,12,1,3
2013,I-A,41,Baylor,Big 12,24,1,3,0,6,16,8,12,0,2
2013,I-A,42,Washington State,Pac-12,24,0,0,0,4,16,14,9,0,0
2013,I-A,43,San Diego State,Mountain West,24,0,0,0,1,12,13,9,0,1
2013,I-A,44,Colorado State,Mountain West,24,0,0,0,0,7,13,11,0,0
2013,I-A,45,East Carolina,Conference USA,24,0,0,0,0,13,9,13,0,1
2013,I-A,46,Bowling Green,Mid-American,24,0,0,0,1,4,12,9,1,1
2013,I-A,47,Connecticut,Big East,24,0,0,0,0,13,9,11,0,1
2013,I-A,48,Troy,Sun Belt,24,0,0,0,1,2,11,11,0,2
2013,I-A,49,Utah State,WAC,24,0,0,0,0,1,13,9,1,0
2013,I-A,50,Northern Illinois,Mid-American,24,0,0,0,0,2,12,9,1,1
2013,I-A,51,Clemson,ACC,23,6,10,1,15,7,5,10,0,7
2013,I-A,52,Auburn,SEC,23,4,7,1,14,8,9,10,1,2
2013,I-A,53,UAB,Conference USA,23,0,0,0,1,2,10,12,0,1
2013,I-A,54,Oklahoma State,Big 12,23,0,3,0,8,14,9,11,1,2
2013,I-A,55,Arkansas,SEC,23,3,3,0,5,16,10,10,1,2
2013,I-A,56,Texas Tech,Big 12,23,0,0,0,4,15,11,9,0,3
2013,I-A,57,Texas State,WAC,23,0,1,0,2,4,11,10,0,2
2013,I-A,58,Indiana,Big Ten,23,1,3,0,6,11,8,12,0,3
2013,I-A,59,Utah,Pac-12,23,0,0,0,1,21,9,9,0,2
2013,I-A,60,Kansas State,Big 12,23,0,0,0,1,16,8,11,1,2
2013,I-A,61,South Florida,Big East,23,0,1,0,2,17,7,14,1,0
2013,I-A,62,Colorado,Pac-12,23,0,0,0,1,18,12,9,0,1
2013,I-A,63,Louisiana-Lafayette,Sun Belt,23,0,0,0,0,6,9,9,2,2
2013,I-A,64,Purdue,Big Ten,23,0,2,0,3,16,8,12,0,2
2013,I-A,65,Toledo,Mid-American,23,0,0,0,1,8,11,10,0,2
2013,I-A,66,Temple,Big East,23,0,0,0,0,10,8,10,2,3
2013,I-A,67,Southern Methodist,Conference USA,23,0,0,0,0,9,7,14,0,1
2013,I-A,68,North Texas,Sun Belt,23,0,0,0,0,1,13,10,0,0
2013,I-A,69,Massachusetts,Mid-American,23,0,0,0,0,4,16,6,0,0
2013,I-A,70,Florida State,ACC,22,7,12,1,13,7,8,11,0,2
2013,I-A,71,Washington,Pac-12,22,3,5,0,8,12,8,10,1,2
2013,I-A,72,Kentucky,SEC,22,0,2,0,6,14,9,9,1,2
2013,I-A,73,Rutgers,Big East,22,0,2,0,4,17,8,8,0,6
2013,I-A,74,Virginia,ACC,22,1,1,0,5,16,14,8,0,0
2013,I-A,75,TCU,Big 12,22,0,1,0,2,16,7,9,0,4
2013,I-A,76,Maryland,ACC,22,0,0,0,5,14,9,11,0,1
2013,I-A,77,Cincinnati,Big East,22,0,1,0,1,13,9,9,0,1
2013,I-A,78,New Mexico State,WAC,22,0,0,0,1,1,10,12,0,0
2013,I-A,79,Ohio,Mid-American,22,0,0,0,0,1,8,13,0,1
2013,I-A,80,Miami (OH),Mid-American,22,0,0,0,0,1,8,10,0,3
2013,I-A,81,Wyoming,Mountain West,22,0,0,0,0,2,9,11,0,1
2013,I-A,82,South Carolina,SEC,21,2,4,0,11,10,9,11,0,1
2013,I-A,83,Virginia Tech,ACC,21,2,4,0,10,11,6,9,0,5
2013,I-A,84,Mississippi State,SEC,21,1,4,0,8,12,9,5,0,5
2013,I-A,85,Tennessee,SEC,21,1,3,0,7,13,11,5,0,3
2013,I-A,86,Nevada,Mountain West,21,0,0,0,0,6,7,11,0,2
2013,I-A,87,Iowa,Big Ten,21,0,0,0,1,15,9,7,0,4
2013,I-A,88,Tulsa,Conference USA,21,0,0,0,0,10,7,10,0,0
2013,I-A,89,Kent State,Mid-American,21,0,0,0,0,3,4,10,0,5
2013,I-A,90,Eastern Michigan,Mid-American,21,0,0,0,0,5,8,10,1,0
2013,I-A,91,Central Michigan,Mid-American,21,0,0,0,0,6,8,9,1,3
2013,I-A,92,Ball State,Mid-American,21,0,0,0,0,5,9,11,1,0
2013,I-A,93,Missouri,SEC,20,0,2,0,4,13,7,10,0,2
2013,I-A,94,Duke,ACC,20,0,0,0,0,18,9,8,0,2
2013,I-A,95,Louisiana Tech,WAC,20,0,0,0,0,7,8,9,2,1
2013,I-A,96,UNLV,Mountain West,20,0,0,0,0,4,10,8,1,1
2013,I-A,97,Arkansas State,Sun Belt,20,0,0,0,0,4,7,12,0,0
2013,I-A,98,San Jose State,WAC,20,0,0,0,0,0,12,8,0,0
2013,I-A,99,Miami (FL),ACC,19,7,8,0,10,9,7,7,0,3
2013,I-A,100,Oregon,Pac-12,19,1,5,0,8,10,11,2,1,5
2013,I-A,101,UCF,Conference USA,19,0,0,0,1,13,6,11,0,1
2013,I-A,102,Northwestern,Big Ten,19,0,1,0,2,15,9,4,1,2
2013,I-A,103,Syracuse,Big East,19,0,0,0,0,15,9,9,0,0
2013,I-A,104,Michigan State,Big Ten,18,0,2,0,6,10,6,9,1,1
2013,I-A,105,Louisville,Big East,18,1,3,0,6,10,8,9,0,1
2013,I-A,106,UTEP,Conference USA,18,0,0,0,0,2,7,8,0,2
2013,I-A,107,Minnesota,Big Ten,18,0,0,0,0,17,5,9,1,2
2013,I-A,108,Rice,Conference USA,18,0,0,0,1,6,8,7,0,0
2013,I-A,109,Florida International,Sun Belt,18,0,0,0,0,2,9,9,0,0
2013,I-A,110,Western Michigan,Mid-American,18,0,0,0,0,3,9,6,1,2
2013,I-A,111,Akron,Mid-American,18,0,0,0,0,2,8,8,0,2
2013,I-A,112,Buffalo,Mid-American,18,0,0,0,0,0,5,11,0,1
2013,I-A,113,North Carolina,ACC,17,1,5,0,11,6,8,6,0,2
2013,I-A,114,Wisconsin,Big Ten,17,1,1,0,5,10,6,8,0,1
2013,I-A,115,Penn State,Big Ten,17,2,3,0,6,8,8,8,0,1
2013,I-A,116,Boston College,ACC,17,0,0,0,0,9,6,7,0,3
2013,I-A,117,Louisiana-Monroe,Sun Belt,16,0,0,0,0,2,8,7,0,0
2013,I-A,118,Texas,Big 12,15,5,8,0,11,4,8,5,0,2
2013,I-A,119,Georgia Tech,ACC,14,0,0,0,0,11,6,6,1,0
2013,I-A,120,USC,Pac-12,13,9,12,0,13,0,6,6,0,1
2013,I-A,121,Stanford,Pac-12,12,1,5,0,6,6,6,4,0,2
2013,I-AA,1,Old Dominion,NCAA Division I-AA,34,0,0,0,0,3,15,16,1,0
2013,I-AA,2,Southern University,SWAC,27,0,1,0,1,0,7,14,0,5
2013,I-AA,3,Georgia State,NCAA Division I-AA,27,0,0,0,0,2,12,14,0,1
2013,I-AA,4,Alabama State,SWAC,24,0,0,0,0,3,11,11,0,0
2013,I-AA,5,Georgia Southern,NCAA Division I-AA,23,0,0,0,0,1,8,11,1,1
2013,I-AA,6,North Dakota State,NCAA Division I-AA,21,0,0,0,0,0,8,12,0,1
2013,I-AA,7,Sam Houston State,NCAA Division I-AA,19,0,0,0,0,1,10,7,1,1
2013,I-AA,8,Eastern Washington,NCAA Division I-AA,17,0,0,0,0,1,9,7,1,0
2013,I-AA,9,Appalachian State,NCAA Division I-AA,16,0,0,0,0,3,6,8,0,2
2013,I-AA,10,McNeese State,NCAA Division I-AA,10,0,0,0,0,1,7,3,0,0
2013,I-AA,11,South Carolina State,NCAA Division I-AA,9,0,0,0,0,2,4,5,0,0
2013,I-AA,12,Lehigh,NCAA Division I-AA,9,0,0,0,0,1,4,4,0,0
2013,I-AA,13,Richmond,NCAA Division I-AA,9,0,0,0,0,2,5,3,0,1
2013,I-AA,14,Delaware,NCAA Division I-AA,9,0,0,0,0,1,2,6,0,1
2013,I-AA,15,Southern Illinois,NCAA Division I-AA,8,0,0,0,0,2,3,4,0,0
2013,I-AA,16,Villanova,NCAA Division I-AA,8,0,0,0,0,0,3,5,0,0
2013,I-AA,17,Illinois State,NCAA Division I-AA,7,0,0,0,0,1,5,2,0,0
2013,I-AA,18,Indiana State,NCAA Division I-AA,7,0,0,0,0,0,4,3,0,0
2013,I-AA,19,Albany,NCAA Division I-AA,6,0,0,0,0,1,4,2,0,0
2013,I-AA,20,Bryant University,NCAA Division I-AA,4,0,0,0,0,0,0,4,0,0
2013,I-AA,21,Murray State,NCAA Division I-AA,2,0,0,0,0,0,1,1,0,0
2013,I-AA,22,Grambling State,SWAC,2,0,0,0,0,0,0,2,0,0
2013,I-AA,23,Tennessee State,NCAA Division I-AA,1,0,0,0,0,1,1,0,0,0
2013,I-AA,24,Bethune-Cookman,NCAA Division I-AA,1,0,0,0,0,1,0,1,0,0
2013,I-AA,25,Jacksonville State,NCAA Division I-AA,1,0,0,0,0,1,0,1,0,0
2013,I-AA,26,Stony Brook,NCAA Division I-AA,1,0,0,0,0,1,0,1,0,0
2013,I-AA,27,Youngstown State,NCAA Division I-AA,1,0,0,0,0,1,1,0,0,0
2013,I-AA,28,Samford,NCAA Division I-AA,1,0,0,0,0,1,1,0,0,0
2013,I-AA,29,Tennessee Tech,NCAA Division I-AA,1,0,0,0,0,0,0,0,0,1
2013,I-AA,30,South Dakota,NCAA Division I-AA,1,0,0,0,0,0,0,0,1,0
2013,I-AA,31,New Hampshire,NCAA Division I-AA,1,0,0,0,0,0,1,0,0,0
2013,I-AA,32,Cal Poly,NCAA Division I-AA,1,0,0,0,0,0,1,0,0,0
2013,I-AA,33,Sacramento State,NCAA Division I-AA,1,0,0,0,0,0,1,0,0,0
2013,I-AA,34,Lamar,NCAA Division I-AA,1,0,0,0,0,0,1,0,0,0
2012,I-A,1,Air Force,Mountain West,46,0,NA,0,0,24,18,22,1,4
2012,I-A,2,Troy,Sun Belt,38,0,NA,0,0,11,12,21,2,3
2012,I-A,3,Temple,Big East,37,0,NA,0,0,21,15,17,0,5
2012,I-A,4,Marshall,Conference USA,34,0,NA,0,3,16,14,13,0,6
2012,I-A,5,Miami (FL),ACC,33,6,NA,0,8,24,12,18,0,3
2012,I-A,6,Florida Atlantic,Sun Belt,33,0,NA,0,0,9,17,14,0,2
2012,I-A,7,Cincinnati,Big East,31,0,NA,0,0,25,14,16,0,1
2012,I-A,8,Florida International,Sun Belt,31,0,NA,0,0,19,12,17,1,1
2012,I-A,9,Northern Illinois,Mid-American,31,0,NA,0,0,11,16,12,1,2
2012,I-A,10,Toledo,Mid-American,31,0,NA,0,0,14,19,9,2,1
2012,I-A,11,Virginia Tech,ACC,30,1,NA,0,2,28,12,13,1,4
2012,I-A,12,Arkansas State,Sun Belt,30,0,NA,0,0,12,16,13,0,1
2012,I-A,13,Colorado,Pac-12,29,1,NA,0,1,24,14,14,0,1
2012,I-A,14,UAB,Conference USA,29,0,NA,0,0,12,16,11,0,2
2012,I-A,15,Akron,Mid-American,29,0,NA,0,0,8,15,14,0,0
2012,I-A,16,Western Michigan,Mid-American,29,0,NA,0,0,10,15,13,1,0
2012,I-A,17,Texas,Big 12,28,12,NA,0,16,10,8,16,1,3
2012,I-A,18,Utah,Pac-12,28,0,NA,0,1,17,14,13,0,1
2012,I-A,19,Mississippi State,SEC,28,1,NA,0,3,21,10,12,1,5
2012,I-A,20,West Virginia,Big 12,28,1,NA,0,1,23,11,12,1,4
2012,I-A,21,Kentucky,SEC,28,0,NA,0,1,23,9,14,1,4
2012,I-A,22,Washington State,Pac-12,28,0,NA,0,1,17,14,11,1,2
2012,I-A,23,Louisiana-Lafayette,Sun Belt,28,0,NA,0,0,11,10,16,0,2
2012,I-A,24,Oklahoma,Big 12,27,5,NA,0,8,12,17,7,0,3
2012,I-A,25,UCLA,Pac-12,27,4,NA,0,6,18,13,10,1,3
2012,I-A,26,Southern Miss,Conference USA,27,1,NA,0,1,14,12,13,0,2
2012,I-A,27,Minnesota,Big Ten,27,1,NA,0,3,12,12,13,0,2
2012,I-A,28,Memphis,Conference USA,27,0,NA,0,0,10,15,11,0,1
2012,I-A,29,Alabama,SEC,26,13,NA,0,16,8,9,14,1,2
2012,I-A,30,Texas Tech,Big 12,26,3,NA,0,4,13,11,13,0,2
2012,I-A,31,Virginia,ACC,26,1,NA,0,2,24,13,8,0,5
2012,I-A,32,Kansas State,Big 12,26,0,NA,0,0,12,13,11,0,2
2012,I-A,33,Purdue,Big Ten,26,0,NA,0,0,23,15,6,2,3
2012,I-A,34,Connecticut,Big East,26,0,NA,0,0,15,14,10,1,1
2012,I-A,35,South Carolina,SEC,25,3,NA,0,7,18,12,8,1,4
2012,I-A,36,Ohio State,Big Ten,25,5,NA,0,9,16,12,11,0,2
2012,I-A,37,Michigan,Big Ten,25,4,NA,0,10,15,12,13,0,0
2012,I-A,38,Washington,Pac-12,25,1,NA,0,3,19,10,9,2,4
2012,I-A,39,Maryland,ACC,25,1,NA,0,2,21,9,11,0,5
2012,I-A,40,Boise State,Mountain West,25,0,NA,0,0,18,11,12,1,1
2012,I-A,41,Indiana,Big Ten,25,0,NA,0,1,16,15,10,0,0
2012,I-A,42,Houston,Conference USA,25,1,NA,0,2,11,9,9,0,7
2012,I-A,43,North Texas,Sun Belt,25,0,NA,0,0,8,10,15,0,0
2012,I-A,44,Miami (OH),Mid-American,25,0,NA,0,0,14,12,12,1,0
2012,I-A,45,Louisiana-Monroe,Sun Belt,25,0,NA,0,0,6,10,15,0,0
2012,I-A,46,Colorado State,Mountain West,25,0,NA,0,0,7,12,10,1,2
2012,I-A,47,Kent State,Mid-American,25,0,NA,0,0,12,11,11,1,2
2012,I-A,48,Eastern Michigan,Mid-American,25,0,NA,0,0,9,11,13,0,1
2012,I-A,49,LSU,SEC,24,5,NA,0,8,15,9,12,0,2
2012,I-A,50,Arkansas,SEC,24,0,NA,0,3,17,10,12,0,2
2012,I-A,51,TCU,Big 12,24,1,NA,0,4,16,11,10,2,1
2012,I-A,52,Baylor,Big 12,24,0,NA,0,3,15,6,13,0,5
2012,I-A,53,Louisville,Big East,24,0,NA,0,2,18,12,11,1,0
2012,I-A,54,Syracuse,Big East,24,0,NA,0,1,15,10,11,1,2
2012,I-A,55,Oregon State,Pac-12,24,1,NA,0,1,17,13,8,1,2
2012,I-A,56,Arizona,Pac-12,24,0,NA,0,0,21,11,10,0,3
2012,I-A,57,San Diego State,Mountain West,24,0,NA,0,0,13,16,5,1,1
2012,I-A,58,Rice,Conference USA,24,0,NA,0,0,11,13,9,1,1
2012,I-A,59,Ball State,Mid-American,24,0,NA,0,0,16,10,12,0,2
2012,I-A,60,Nevada,Mountain West,24,0,NA,0,0,13,11,11,0,2
2012,I-A,61,Hawaii,Mountain West,24,0,NA,0,0,5,11,11,0,2
2012,I-A,62,New Mexico,Mountain West,24,0,NA,0,0,9,12,11,0,1
2012,I-A,63,Florida,SEC,23,9,NA,0,14,8,9,13,1,0
2012,I-A,64,North Carolina,ACC,23,0,NA,0,1,21,10,10,0,3
2012,I-A,65,Oklahoma State,Big 12,23,1,NA,0,2,15,13,9,0,1
2012,I-A,66,Iowa,Big Ten,23,0,NA,0,1,18,10,9,1,3
2012,I-A,67,North Carolina State,ACC,23,0,NA,0,0,20,10,13,0,0
2012,I-A,68,Arizona State,Pac-12,23,0,NA,0,2,11,10,11,0,1
2012,I-A,69,Middle Tennessee,Sun Belt,23,0,NA,0,0,7,11,9,0,2
2012,I-A,70,Central Michigan,Mid-American,23,0,NA,0,0,15,12,9,1,1
2012,I-A,71,Army,IA Independents,23,0,NA,0,0,2,7,12,2,2
2012,I-A,72,UTEP,Conference USA,23,0,NA,0,0,10,10,12,0,1
2012,I-A,73,Wyoming,Mountain West,23,0,NA,0,0,6,13,9,1,0
2012,I-A,74,Auburn,SEC,22,5,NA,0,7,14,13,7,0,2
2012,I-A,75,Stanford,Pac-12,22,6,NA,0,7,15,12,9,0,1
2012,I-A,76,Tennessee,SEC,22,2,NA,0,5,14,8,10,1,3
2012,I-A,77,Vanderbilt,SEC,22,1,NA,0,1,21,8,10,1,3
2012,I-A,78,Michigan State,Big Ten,22,0,NA,0,1,17,14,7,0,1
2012,I-A,79,Kansas,Big 12,22,0,NA,0,0,8,12,9,0,1
2012,I-A,80,Northwestern,Big Ten,22,1,NA,0,1,18,13,7,0,1
2012,I-A,81,Southern Methodist,Conference USA,22,0,NA,0,1,16,7,13,0,2
2012,I-A,82,Idaho,WAC,22,0,NA,0,0,9,12,8,1,1
2012,I-A,83,Navy,IA Independents,22,0,NA,0,0,7,9,9,1,2
2012,I-A,84,Oregon,Pac-12,21,3,NA,0,5,12,10,9,1,1
2012,I-A,85,Tulsa,Conference USA,21,0,NA,0,0,11,11,9,1,0
2012,I-A,86,Iowa State,Big 12,21,0,NA,0,0,13,9,8,1,3
2012,I-A,87,UNLV,Mountain West,21,0,NA,0,0,7,14,5,0,2
2012,I-A,88,New Mexico State,WAC,21,0,NA,0,0,5,11,9,1,0
2012,I-A,89,Clemson,ACC,20,6,NA,0,7,13,9,7,1,3
2012,I-A,90,Rutgers,Big East,20,1,NA,0,3,16,11,4,1,4
2012,I-A,91,Missouri,SEC,20,2,NA,0,3,14,9,9,0,2
2012,I-A,92,South Florida,Big East,20,0,NA,0,1,12,8,10,0,2
2012,I-A,93,Duke,ACC,20,0,NA,0,0,18,10,9,1,0
2012,I-A,94,East Carolina,Conference USA,20,1,NA,0,1,8,7,9,0,4
2012,I-A,95,UCF,Conference USA,20,0,NA,0,0,15,13,7,0,0
2012,I-A,96,Bowling Green,Mid-American,20,0,NA,0,0,8,11,7,1,1
2012,I-A,97,San Jose State,WAC,20,0,NA,0,0,7,12,6,1,1
2012,I-A,98,Buffalo,Mid-American,20,0,NA,0,0,11,9,9,1,1
2012,I-A,99,Florida State,ACC,19,10,NA,1,10,6,7,10,2,0
2012,I-A,100,Georgia,SEC,19,6,NA,0,7,11,7,8,2,2
2012,I-A,101,Texas A&M,SEC,19,5,NA,0,6,11,7,12,0,0
2012,I-A,102,California,Pac-12,19,2,NA,0,3,13,10,7,1,1
2012,I-A,103,Penn State,Big Ten,19,0,NA,0,1,15,9,8,0,2
2012,I-A,104,Mississippi,SEC,19,2,NA,0,3,11,10,7,1,1
2012,I-A,105,Louisiana Tech,WAC,19,0,NA,0,0,8,12,5,0,2
2012,I-A,106,Wake Forest,ACC,19,0,NA,0,0,18,10,7,0,2
2012,I-A,107,Illinois,Big Ten,19,0,NA,0,0,15,6,10,1,2
2012,I-A,108,Ohio,Mid-American,19,0,NA,0,0,8,9,10,0,0
2012,I-A,109,Notre Dame,IA Independents,18,6,NA,0,7,10,9,6,0,2
2012,I-A,110,USC,Pac-12,18,7,NA,0,9,5,8,9,0,1
2012,I-A,111,Brigham Young,IA Independents,18,0,NA,0,1,14,7,10,0,1
2012,I-A,112,Nebraska,Big Ten,17,1,NA,0,2,12,6,9,0,2
2012,I-A,113,Georgia Tech,ACC,17,0,NA,0,2,13,3,8,1,5
2012,I-A,114,Boston College,ACC,17,0,NA,0,0,12,9,6,0,2
2012,I-A,115,Tulane,Conference USA,17,0,NA,0,1,10,12,3,0,2
2012,I-A,116,Pittsburgh,Big East,16,1,NA,0,3,11,6,7,0,3
2012,I-A,117,Fresno State,Mountain West,15,0,NA,0,0,5,10,5,0,0
2012,I-A,118,Western Kentucky,Sun Belt,15,0,NA,0,0,8,8,6,1,0
2012,I-A,119,Utah State,WAC,15,0,NA,0,0,4,12,3,0,0
2012,I-A,120,Wisconsin,Big Ten,12,0,NA,0,3,8,6,4,0,2
2012,I-AA,1,Massachusetts,Mid-American,26,0,NA,0,0,7,14,11,0,1
2012,I-AA,2,Montana,NCAA Division I-AA,25,0,NA,0,0,4,12,11,1,1
2012,I-AA,3,Georgia Southern,NCAA Division I-AA,23,0,NA,0,0,8,13,7,0,3
2012,I-AA,4,Appalachian State,NCAA Division I-AA,22,0,NA,0,0,7,10,10,0,2
2012,I-AA,5,Northern Iowa,NCAA Division I-AA,22,0,NA,0,0,2,10,9,1,2
2012,I-AA,6,South Carolina State,NCAA Division I-AA,21,0,NA,0,0,5,10,10,0,1
2012,I-AA,7,Eastern Washington,NCAA Division I-AA,20,0,NA,0,0,3,8,10,0,2
2012,I-AA,8,Villanova,NCAA Division I-AA,20,0,NA,0,0,5,8,11,0,1
2012,I-AA,9,Old Dominion,NCAA Division I-AA,19,0,NA,0,0,1,7,12,0,0
2012,I-AA,10,North Dakota State,NCAA Division I-AA,18,0,NA,0,0,3,8,10,0,0
2012,I-AA,11,Wofford,NCAA Division I-AA,17,0,NA,0,0,2,7,9,0,1
2012,I-AA,12,James Madison,NCAA Division I-AA,15,0,NA,0,0,5,4,8,0,3
2012,I-AA,13,Maine,NCAA Division I-AA,14,0,NA,0,0,3,6,7,1,0
2012,I-AA,14,Dartmouth,NCAA Division I-AA,14,0,NA,0,0,5,7,6,0,1
2012,I-AA,15,New Hampshire,NCAA Division I-AA,13,0,NA,0,0,1,7,6,0,0
2012,I-AA,16,Delaware,NCAA Division I-AA,12,0,NA,0,0,3,7,3,1,1
2012,I-AA,17,Harvard,NCAA Division I-AA,11,0,NA,0,0,2,8,3,0,0
2012,I-AA,18,Yale,NCAA Division I-AA,10,0,NA,0,0,6,8,2,0,0
2012,I-AA,19,Brown,NCAA Division I-AA,10,0,NA,0,0,1,5,2,1,2
2012,I-AA,20,Richmond,NCAA Division I-AA,10,0,NA,0,0,4,5,3,0,2
2012,I-AA,21,Cornell,NCAA Division I-AA,9,0,NA,0,0,1,8,1,0,0
2012,I-AA,22,Portland State,NCAA Division I-AA,9,0,NA,0,0,1,6,2,0,1
2012,I-AA,23,Towson,NCAA Division I-AA,8,0,NA,0,0,1,5,2,0,1
2012,I-AA,24,Grambling State,SWAC,7,0,NA,0,0,1,6,1,0,0
2012,I-AA,25,Columbia,NCAA Division I-AA,7,0,NA,0,0,5,3,4,0,0
2012,I-AA,26,Pennsylvania,NCAA Division I-AA,7,0,NA,0,0,4,4,3,0,0
2012,I-AA,27,South Dakota,NCAA Division I-AA,7,0,NA,0,0,1,4,3,0,0
2012,I-AA,28,Bryant University,NCAA Division I-AA,7,0,NA,0,0,1,3,3,0,1
2012,I-AA,29,Hampton,NCAA Division I-AA,7,0,NA,0,0,0,2,3,0,2
2012,I-AA,30,Princeton,NCAA Division I-AA,7,0,NA,0,0,0,5,1,1,0
2012,I-AA,31,Youngstown State,NCAA Division I-AA,6,0,NA,0,0,1,4,2,0,0
2012,I-AA,32,McNeese State,NCAA Division I-AA,5,0,NA,0,0,1,2,3,0,0
2012,I-AA,33,Southeastern Louisiana,NCAA Division I-AA,5,0,NA,0,0,3,2,3,0,0
2012,I-AA,34,Eastern Kentucky,NCAA Division I-AA,5,0,NA,0,0,2,3,2,0,0
2012,I-AA,35,Southern Illinois,NCAA Division I-AA,5,0,NA,0,0,1,3,2,0,0
2012,I-AA,36,Cal Poly,NCAA Division I-AA,5,0,NA,0,0,0,2,2,0,1
2012,I-AA,37,Monmouth,NCAA Division I-AA,5,0,NA,0,0,0,2,3,0,0
2012,I-AA,38,Colgate,NCAA Division I-AA,5,0,NA,0,0,0,4,1,0,0
2012,I-AA,39,Liberty,NCAA Division I-AA,4,0,NA,0,0,2,2,1,0,1
2012,I-AA,40,Bethune-Cookman,NCAA Division I-AA,4,0,NA,0,0,3,3,1,0,0
2012,I-AA,41,Delaware State,NCAA Division I-AA,4,0,NA,0,0,2,2,2,0,0
2012,I-AA,42,Central Arkansas,NCAA Division I-AA,4,0,NA,0,0,2,0,3,0,1
2012,I-AA,43,Samford,NCAA Division I-AA,4,0,NA,0,0,2,1,3,0,0
2012,I-AA,44,William & Mary,NCAA Division I-AA,4,0,NA,0,0,1,3,1,0,0
2012,I-AA,45,Norfolk State,NCAA Division I-AA,4,0,NA,0,0,0,2,2,0,0
2012,I-AA,46,Montana State,NCAA Division I-AA,3,0,NA,0,0,2,1,1,0,1
2012,I-AA,47,Northern Arizona,NCAA Division I-AA,3,0,NA,0,0,3,0,2,1,0
2012,I-AA,48,Citadel,NCAA Division I-AA,3,0,NA,0,0,1,1,1,0,1
2012,I-AA,49,Gardner-Webb,NCAA Division I-AA,3,0,NA,0,0,1,2,1,0,0
2012,I-AA,50,Western Illinois,NCAA Division I-AA,3,0,NA,0,0,2,1,2,0,0
2012,I-AA,51,Southern Utah,NCAA Division I-AA,3,0,NA,0,0,1,2,0,0,0
2012,I-AA,52,North Dakota,NCAA Division I-AA,3,0,NA,0,0,1,2,1,0,0
2012,I-AA,53,Stony Brook,NCAA Division I-AA,3,0,NA,0,0,0,2,1,0,0
2012,I-AA,54,Florida A&M,NCAA Division I-AA,3,0,NA,0,0,0,3,0,0,0
2012,I-AA,55,Sacramento State,NCAA Division I-AA,3,0,NA,0,0,0,1,1,0,1
2012,I-AA,56,Idaho State,NCAA Division I-AA,3,0,NA,0,0,0,2,0,0,1
2012,I-AA,57,Elon,NCAA Division I-AA,2,0,NA,0,0,1,2,0,0,0
2012,I-AA,58,Sam Houston State,NCAA Division I-AA,2,0,NA,0,0,1,1,1,0,0
2012,I-AA,59,Northern Colorado,NCAA Division I-AA,2,0,NA,0,0,1,1,1,0,0
2012,I-AA,60,Indiana State,NCAA Division I-AA,2,0,NA,0,0,0,1,1,0,0
2012,I-AA,61,Morgan State,NCAA Division I-AA,2,0,NA,0,0,0,0,2,0,0
2012,I-AA,62,Holy Cross,NCAA Division I-AA,2,0,NA,0,0,0,2,0,0,0
2012,I-AA,63,Georgetown,NCAA Division I-AA,2,0,NA,0,0,0,2,0,0,0
2012,I-AA,64,UC Davis,NCAA Division I-AA,2,0,NA,0,0,0,2,0,0,0
2012,I-AA,65,Lafayette,NCAA Division I-AA,2,0,NA,0,0,0,2,0,0,0
2012,I-AA,66,Furman,NCAA Division I-AA,2,0,NA,0,0,0,2,0,0,0
2012,I-AA,67,Tennessee Tech,NCAA Division I-AA,2,0,NA,0,0,0,0,2,0,0
2012,I-AA,68,Lamar,NCAA Division I-AA,2,0,NA,0,0,0,1,1,0,0
2012,I-AA,69,Lehigh,NCAA Division I-AA,2,0,NA,0,0,0,1,1,0,0
2012,I-AA,70,Morehead State,NCAA Division I-AA,2,0,NA,0,0,0,2,0,0,0
2012,I-AA,71,Illinois State,NCAA Division I-AA,2,0,NA,0,0,0,2,0,0,0
2012,I-AA,72,Eastern Illinois,NCAA Division I-AA,2,0,NA,0,0,0,0,2,0,0
2012,I-AA,73,Wagner,NCAA Division I-AA,2,0,NA,0,0,0,1,1,0,0
2012,I-AA,74,Texas Southern,SWAC,1,0,NA,0,0,1,1,0,0,0
2012,I-AA,75,Jackson State,SWAC,1,0,NA,0,0,1,1,0,0,0
2012,I-AA,76,South Dakota State,NCAA Division I-AA,1,0,NA,0,0,1,1,0,0,0
2012,I-AA,77,Arkansas-Pine Bluff,SWAC,1,0,NA,0,0,1,0,1,0,0
2012,I-AA,78,Howard,NCAA Division I-AA,1,0,NA,0,0,1,0,1,0,0
2012,I-AA,79,Southeast Missouri State,NCAA Division I-AA,1,0,NA,0,0,1,0,1,0,0
2012,I-AA,80,Tennessee State,NCAA Division I-AA,1,0,NA,0,0,1,1,0,0,0
2012,I-AA,81,Weber State,NCAA Division I-AA,1,0,NA,0,0,0,1,0,0,0
2012,I-AA,82,Fordham,NCAA Division I-AA,1,0,NA,0,0,0,1,0,0,0
2012,I-AA,83,Murray State,NCAA Division I-AA,1,0,NA,0,0,0,1,0,0,0
2012,I-AA,84,Butler,NCAA Division I-AA,1,0,NA,0,0,0,0,1,0,0
2012,I-AA,85,Bucknell,NCAA Division I-AA,1,0,NA,0,0,0,1,0,0,0
2012,I-AA,86,Coastal Carolina,NCAA Division I-AA,1,0,NA,0,0,0,1,0,0,0
2012,I-AA,87,Chattanooga,NCAA Division I-AA,1,0,NA,0,0,0,1,0,0,0
2012,I-AA,88,North Carolina Central,NCAA Division I-AA,1,0,NA,0,0,0,1,0,0,0
2012,I-AA,89,Presbyterian,NCAA Division I-AA,1,0,NA,0,0,0,1,0,0,0
2012,I-AA,90,Savannah State,NCAA Division I-AA,1,0,NA,0,0,0,0,1,0,0
2012,I-AA,91,Missouri State,NCAA Division I-AA,1,0,NA,0,0,0,1,0,0,0
2012,I-AA,92,Marist,NCAA Division I-AA,1,0,NA,0,0,0,1,0,0,0
2012,I-AA,93,Dayton,NCAA Division I-AA,1,0,NA,0,0,0,0,1,0,0
2011,I-A,1,Air Force,Mountain West,39,0,NA,0,0,4,18,17,0,4
2011,I-A,2,Marshall,Conference USA,34,0,NA,0,3,15,18,11,0,5
2011,I-A,3,Kansas State,Big 12,34,0,NA,0,1,9,14,15,1,4
2011,I-A,4,Navy,IA Independents,34,0,NA,0,0,3,11,22,0,1
2011,I-A,5,Arkansas,SEC,33,3,NA,0,9,10,17,13,0,3
2011,I-A,6,UCF,Conference USA,33,0,NA,0,0,17,9,23,0,1
2011,I-A,7,Colorado State,Mountain West,33,0,NA,0,0,7,17,13,1,2
2011,I-A,8,Army,IA Independents,33,0,NA,0,0,1,17,14,0,2
2011,I-A,9,South Carolina,SEC,32,1,NA,1,6,21,12,15,0,5
2011,I-A,10,USC,Pac-12,31,10,NA,1,12,12,13,12,2,4
2011,I-A,11,Texas Tech,Big 12,31,0,NA,0,3,17,14,15,0,2
2011,I-A,12,Oregon State,Pac-12,31,0,NA,0,0,16,13,16,1,1
2011,I-A,13,Louisiana-Lafayette,Sun Belt,31,0,NA,0,0,2,15,13,1,2
2011,I-A,14,Utah State,WAC,30,0,NA,0,0,1,10,18,1,1
2011,I-A,15,Florida State,ACC,29,12,NA,1,17,7,14,13,0,2
2011,I-A,16,Clemson,ACC,29,7,NA,2,7,16,16,11,1,1
2011,I-A,17,Illinois,Big Ten,29,1,NA,0,3,18,12,11,1,5
2011,I-A,18,Memphis,Conference USA,29,0,NA,0,0,4,12,13,0,4
2011,I-A,19,Troy,Sun Belt,29,0,NA,0,0,3,15,12,1,1
2011,I-A,20,Mississippi,SEC,28,1,NA,0,4,15,14,12,0,2
2011,I-A,21,Oklahoma State,Big 12,28,1,NA,0,3,16,7,16,1,4
2011,I-A,22,Kansas,Big 12,28,0,NA,0,2,19,13,13,1,1
2011,I-A,23,Southern Methodist,Conference USA,28,0,NA,0,0,11,11,14,0,3
2011,I-A,24,Tennessee,SEC,27,6,NA,0,9,12,12,11,0,4
2011,I-A,25,Kentucky,SEC,27,0,NA,0,1,16,14,10,0,3
2011,I-A,26,Minnesota,Big Ten,27,0,NA,0,1,9,14,12,1,0
2011,I-A,27,Syracuse,Big East,27,0,NA,0,0,13,14,9,1,3
2011,I-A,28,Western Kentucky,Sun Belt,27,0,NA,0,0,8,15,11,0,1
2011,I-A,29,Florida International,Sun Belt,27,0,NA,0,0,5,13,11,0,3
2011,I-A,30,East Carolina,Conference USA,27,0,NA,0,0,6,13,13,0,1
2011,I-A,31,Toledo,Mid-American,27,0,NA,0,0,5,11,15,1,0
2011,I-A,32,Washington State,Pac-12,27,0,NA,0,0,3,12,11,0,4
2011,I-A,33,Nevada,Mountain West,27,0,NA,0,0,5,10,16,0,1
2011,I-A,34,Central Michigan,Mid-American,27,0,NA,0,0,3,14,10,1,2
2011,I-A,35,Alabama,SEC,26,11,NA,1,15,6,12,12,0,2
2011,I-A,36,Georgia,SEC,26,6,NA,2,15,7,14,11,0,1
2011,I-A,37,Auburn,SEC,26,8,NA,1,15,9,11,11,0,4
2011,I-A,38,Virginia,ACC,26,5,NA,0,6,16,7,14,0,5
2011,I-A,39,Southern Miss,Conference USA,26,0,NA,0,0,8,13,12,0,1
2011,I-A,40,Hawaii,Mountain West,26,0,NA,0,0,3,8,14,0,4
2011,I-A,41,UAB,Conference USA,26,0,NA,0,0,1,8,13,2,3
2011,I-A,42,Arkansas State,Sun Belt,26,0,NA,0,0,1,16,7,0,3
2011,I-A,43,Ball State,Mid-American,26,0,NA,0,0,4,14,10,0,2
2011,I-A,44,North Carolina,ACC,25,3,NA,0,10,12,8,13,1,3
2011,I-A,45,Iowa,Big Ten,25,0,NA,0,3,14,12,10,0,3
2011,I-A,46,TCU,Big 12,25,1,NA,0,3,17,11,13,0,1
2011,I-A,47,Cincinnati,Big East,25,0,NA,0,0,13,13,9,0,3
2011,I-A,48,San Diego State,Mountain West,25,0,NA,0,0,7,16,7,0,2
2011,I-A,49,Wyoming,Mountain West,25,0,NA,0,0,2,11,10,1,3
2011,I-A,50,Louisiana Tech,WAC,25,0,NA,0,0,1,11,12,0,2
2011,I-A,51,Notre Dame,IA Independents,24,7,NA,0,9,14,9,11,1,3
2011,I-A,52,LSU,SEC,24,6,NA,2,6,15,11,8,1,4
2011,I-A,53,Washington,Pac-12,24,2,NA,0,2,15,10,10,0,4
2011,I-A,54,Rutgers,Big East,24,1,NA,0,3,15,9,10,1,4
2011,I-A,55,Iowa State,Big 12,24,0,NA,0,0,7,13,9,0,2
2011,I-A,56,Colorado,Pac-12,24,0,NA,0,0,10,13,9,1,1
2011,I-A,57,Florida Atlantic,Sun Belt,24,0,NA,0,0,1,13,10,1,0
2011,I-A,58,North Texas,Sun Belt,24,0,NA,0,0,2,11,12,0,1
2011,I-A,59,Ohio,Mid-American,24,0,NA,0,0,2,10,12,0,2
2011,I-A,60,Akron,Mid-American,24,0,NA,0,0,1,12,11,1,0
2011,I-A,61,Ohio State,Big Ten,23,7,NA,0,13,9,11,11,0,1
2011,I-A,62,Oregon,Pac-12,23,5,NA,0,9,9,10,9,0,4
2011,I-A,63,Louisville,Big East,23,3,NA,0,5,14,11,10,1,1
2011,I-A,64,Texas A&M,SEC,23,0,NA,0,1,16,8,12,2,1
2011,I-A,65,Arizona,Pac-12,23,0,NA,0,2,9,11,9,2,1
2011,I-A,66,Boston College,ACC,23,0,NA,0,1,14,9,11,1,2
2011,I-A,67,Virginia Tech,ACC,23,1,NA,0,2,12,9,12,1,1
2011,I-A,68,West Virginia,Big 12,23,0,NA,0,0,17,12,9,0,2
2011,I-A,69,Georgia Tech,ACC,23,1,NA,0,1,13,7,8,0,8
2011,I-A,70,Mississippi State,SEC,23,0,NA,0,0,14,12,7,0,4
2011,I-A,71,Indiana,Big Ten,23,0,NA,0,0,10,11,10,0,2
2011,I-A,72,Boise State,Mountain West,23,0,NA,0,0,9,10,10,1,2
2011,I-A,73,Houston,Conference USA,23,0,NA,0,0,7,9,12,0,2
2011,I-A,74,Tulsa,Conference USA,23,0,NA,0,0,6,11,9,0,3
2011,I-A,75,Western Michigan,Mid-American,23,0,NA,0,0,2,13,9,0,1
2011,I-A,76,San Jose State,WAC,23,0,NA,0,0,2,10,9,0,4
2011,I-A,77,UNLV,Mountain West,23,0,NA,0,0,2,10,10,1,2
2011,I-A,78,UTEP,Conference USA,23,0,NA,0,0,2,12,10,0,1
2011,I-A,79,New Mexico State,WAC,23,0,NA,0,0,0,12,8,0,3
2011,I-A,80,Idaho,WAC,23,0,NA,0,0,1,11,10,0,2
2011,I-A,81,Texas,Big 12,22,7,NA,1,13,8,11,9,0,2
2011,I-A,82,California,Pac-12,22,5,NA,0,8,11,9,12,0,1
2011,I-A,83,Wisconsin,Big Ten,22,0,NA,0,1,16,10,9,0,3
2011,I-A,84,Vanderbilt,SEC,22,0,NA,0,0,13,11,9,0,2
2011,I-A,85,South Florida,Big East,22,0,NA,0,0,12,12,10,0,0
2011,I-A,86,Middle Tennessee,Sun Belt,22,0,NA,0,0,5,8,8,0,6
2011,I-A,87,Bowling Green,Mid-American,22,0,NA,0,0,3,10,8,1,3
2011,I-A,88,Tulane,Conference USA,22,0,NA,0,0,3,14,7,0,1
2011,I-A,89,Northern Illinois,Mid-American,22,0,NA,0,0,3,10,11,1,0
2011,I-A,90,Michigan State,Big Ten,21,1,NA,0,2,17,7,11,0,3
2011,I-A,91,Maryland,ACC,21,0,NA,0,0,15,11,8,1,1
2011,I-A,92,Baylor,Big 12,21,0,NA,0,1,12,10,10,1,0
2011,I-A,93,Pittsburgh,Big East,21,0,NA,0,1,11,11,9,0,1
2011,I-A,94,New Mexico,Mountain West,21,0,NA,0,0,7,10,9,0,2
2011,I-A,95,Buffalo,Mid-American,21,0,NA,0,0,3,12,8,1,0
2011,I-A,96,Eastern Michigan,Mid-American,21,0,NA,0,0,2,7,14,0,0
2011,I-A,97,Temple,Big East,21,0,NA,0,0,1,13,7,0,1
2011,I-A,98,Louisiana-Monroe,Sun Belt,21,0,NA,0,0,1,12,6,2,1
2011,I-A,99,Nebraska,Big Ten,20,4,NA,1,6,9,10,7,1,2
2011,I-A,100,Duke,ACC,20,0,NA,0,1,13,10,8,1,1
2011,I-A,101,North Carolina State,ACC,20,0,NA,0,1,8,6,8,2,4
2011,I-A,102,Florida,SEC,19,7,NA,1,10,6,8,6,1,4
2011,I-A,103,Oklahoma,Big 12,19,6,NA,0,9,10,10,8,0,1
2011,I-A,104,Stanford,Pac-12,19,2,NA,0,4,14,8,10,0,1
2011,I-A,105,Michigan,Big Ten,19,0,NA,0,4,13,6,10,1,2
2011,I-A,106,Utah,Pac-12,19,0,NA,0,1,11,12,7,0,0
2011,I-A,107,Rice,Conference USA,19,0,NA,0,0,5,8,9,0,2
2011,I-A,108,Brigham Young,IA Independents,19,0,NA,0,0,6,7,11,1,0
2011,I-A,109,Miami (FL),ACC,18,3,NA,0,4,10,4,11,2,1
2011,I-A,110,Arizona State,Pac-12,18,0,NA,0,0,10,8,6,1,3
2011,I-A,111,Fresno State,Mountain West,18,0,NA,0,0,2,7,11,0,0
2011,I-A,112,Miami (OH),Mid-American,18,0,NA,0,0,2,10,7,0,1
2011,I-A,113,Kent State,Mid-American,18,0,NA,0,0,1,9,6,0,3
2011,I-A,114,Wake Forest,ACC,17,0,NA,0,0,11,5,7,2,3
2011,I-A,115,Northwestern,Big Ten,17,1,NA,0,1,14,11,6,0,0
2011,I-A,116,UCLA,Pac-12,17,1,NA,0,2,7,10,6,0,1
2011,I-A,117,Purdue,Big Ten,17,0,NA,0,0,8,8,6,0,3
2011,I-A,118,Missouri,SEC,17,0,NA,0,0,8,7,10,0,0
2011,I-A,119,Penn State,Big Ten,16,2,NA,0,4,8,8,5,1,2
2011,I-A,120,Connecticut,Big East,16,0,NA,0,0,4,6,8,0,2
2011,I-AA,1,Bethune-Cookman,NCAA Division I-AA,28,0,NA,0,0,1,8,15,1,4
2011,I-AA,2,Stephen F. Austin,NCAA Division I-AA,27,0,NA,0,0,4,11,13,1,2
2011,I-AA,3,Georgia Southern,NCAA Division I-AA,26,0,NA,0,0,2,13,8,0,5
2011,I-AA,4,Central Arkansas,NCAA Division I-AA,26,0,NA,0,0,1,13,10,1,2
2011,I-AA,5,Massachusetts,Mid-American,25,0,NA,0,0,1,17,6,1,1
2011,I-AA,6,South Carolina State,NCAA Division I-AA,23,0,NA,0,0,2,13,8,0,2
2011,I-AA,7,Florida A&M,NCAA Division I-AA,23,0,NA,0,0,0,17,5,0,1
2011,I-AA,8,Montana,NCAA Division I-AA,21,0,NA,0,0,0,9,9,2,1
2011,I-AA,9,Eastern Washington,NCAA Division I-AA,20,0,NA,0,0,0,15,5,0,0
2011,I-AA,10,Villanova,NCAA Division I-AA,19,0,NA,0,0,4,8,11,0,0
2011,I-AA,11,Wofford,NCAA Division I-AA,19,0,NA,0,0,0,9,10,0,0
2011,I-AA,12,Weber State,NCAA Division I-AA,18,0,NA,0,0,2,9,8,0,1
2011,I-AA,13,Jacksonville State,NCAA Division I-AA,16,0,NA,0,0,2,7,7,0,2
2011,I-AA,14,Elon,NCAA Division I-AA,16,0,NA,0,0,1,8,7,0,1
2011,I-AA,15,Illinois State,NCAA Division I-AA,16,0,NA,0,0,0,7,6,0,3
2011,I-AA,16,Northern Iowa,NCAA Division I-AA,15,0,NA,0,0,1,7,7,1,0
2011,I-AA,17,William & Mary,NCAA Division I-AA,15,0,NA,0,0,1,8,6,0,1
2011,I-AA,18,Harvard,NCAA Division I-AA,15,0,NA,0,0,3,7,6,2,0
2011,I-AA,19,Delaware,NCAA Division I-AA,15,0,NA,0,0,0,8,6,0,1
2011,I-AA,20,New Hampshire,NCAA Division I-AA,15,0,NA,0,0,0,4,10,0,1
2011,I-AA,21,James Madison,NCAA Division I-AA,14,0,NA,0,0,1,7,6,0,1
2011,I-AA,22,Richmond,NCAA Division I-AA,14,0,NA,0,0,1,6,6,0,2
2011,I-AA,23,Northwestern State,NCAA Division I-AA,13,0,NA,0,0,2,7,3,1,2
2011,I-AA,24,Grambling State,SWAC,12,0,NA,0,0,0,6,6,0,0
2011,I-AA,25,Texas State,WAC,11,0,NA,0,0,4,6,4,1,0
2011,I-AA,26,Appalachian State,NCAA Division I-AA,10,0,NA,0,0,0,4,5,0,1
2011,I-AA,27,Liberty,NCAA Division I-AA,10,0,NA,0,0,1,5,4,0,1
2011,I-AA,28,Tennessee State,NCAA Division I-AA,8,0,NA,0,0,2,4,3,0,1
2011,I-AA,29,Pennsylvania,NCAA Division I-AA,8,0,NA,0,0,3,4,3,1,0
2011,I-AA,30,Youngstown State,NCAA Division I-AA,8,0,NA,0,0,0,4,2,1,1
2011,I-AA,31,Montana State,NCAA Division I-AA,6,0,NA,0,0,0,4,2,0,0
2011,I-AA,32,Western Illinois,NCAA Division I-AA,6,0,NA,0,0,0,2,4,0,0
2011,I-AA,33,North Dakota State,NCAA Division I-AA,6,0,NA,0,0,0,4,1,1,0
2011,I-AA,34,Indiana State,NCAA Division I-AA,5,0,NA,0,0,1,3,2,0,0
2011,I-AA,35,UC Davis,NCAA Division I-AA,5,0,NA,0,0,1,3,2,0,0
2011,I-AA,36,Southern Illinois,NCAA Division I-AA,5,0,NA,0,0,0,2,2,1,0
2011,I-AA,37,Bryant University,NCAA Division I-AA,4,0,NA,0,0,0,4,0,0,0
2011,I-AA,38,Southeast Missouri State,NCAA Division I-AA,3,0,NA,0,0,1,2,0,0,1
2011,I-AA,39,Princeton,NCAA Division I-AA,3,0,NA,0,0,1,3,0,0,0
2011,I-AA,40,Jackson State,SWAC,3,0,NA,0,0,0,2,0,1,0
2011,I-AA,41,Brown,NCAA Division I-AA,3,0,NA,0,0,0,1,2,0,0
2011,I-AA,42,Southern University,SWAC,3,0,NA,0,0,0,1,2,0,0
2011,I-AA,43,Fordham,NCAA Division I-AA,3,0,NA,0,0,0,2,1,0,0
2011,I-AA,44,McNeese State,NCAA Division I-AA,3,0,NA,0,0,0,2,1,0,0
2011,I-AA,45,Idaho State,NCAA Division I-AA,2,0,NA,0,0,1,1,1,0,0
2011,I-AA,46,South Dakota State,NCAA Division I-AA,2,0,NA,0,0,0,2,0,0,0
2011,I-AA,47,North Carolina Central,NCAA Division I-AA,2,0,NA,0,1,0,0,1,0,1
2011,I-AA,48,Holy Cross,NCAA Division I-AA,2,0,NA,0,0,0,1,1,0,0
2011,I-AA,49,Sacramento State,NCAA Division I-AA,2,0,NA,0,0,0,2,0,0,0
2011,I-AA,50,Eastern Illinois,NCAA Division I-AA,2,0,NA,0,0,0,1,0,1,0
2011,I-AA,51,North Dakota,NCAA Division I-AA,2,0,NA,0,0,0,0,2,0,0
2011,I-AA,52,Portland State,NCAA Division I-AA,2,0,NA,0,0,0,0,2,0,0
2011,I-AA,53,Colgate,NCAA Division I-AA,2,0,NA,0,0,0,1,1,0,0
2011,I-AA,54,Chattanooga,NCAA Division I-AA,2,0,NA,0,0,0,1,1,0,0
2011,I-AA,55,Morgan State,NCAA Division I-AA,2,0,NA,0,0,0,2,0,0,0
2011,I-AA,56,Maine,NCAA Division I-AA,2,0,NA,0,0,0,1,1,0,0
2011,I-AA,57,Howard,NCAA Division I-AA,1,0,NA,0,0,1,1,0,0,0
2011,I-AA,58,Citadel,NCAA Division I-AA,1,0,NA,0,0,0,1,0,0,0
2011,I-AA,59,Southeastern Louisiana,NCAA Division I-AA,1,0,NA,0,0,0,1,0,0,0
2011,I-AA,60,Prairie View A&M,SWAC,1,0,NA,0,0,0,0,1,0,0
2011,I-AA,61,Rhode Island,NCAA Division I-AA,1,0,NA,0,0,0,1,0,0,0
2011,I-AA,62,Sam Houston State,NCAA Division I-AA,1,0,NA,0,0,0,0,0,0,1
2011,I-AA,63,Towson,NCAA Division I-AA,1,0,NA,0,0,0,1,0,0,0
2011,I-AA,64,Cal Poly,NCAA Division I-AA,1,0,NA,0,0,0,1,0,0,0
2011,I-AA,65,Western Carolina,NCAA Division I-AA,1,0,NA,0,0,0,1,0,0,0
2011,I-AA,66,Virginia Military,NCAA Division I-AA,1,0,NA,0,0,0,0,1,0,0
2011,I-AA,67,Norfolk State,NCAA Division I-AA,1,0,NA,0,0,0,1,0,0,0
2011,I-AA,68,Hampton,NCAA Division I-AA,1,0,NA,0,0,0,0,1,0,0
2011,I-AA,69,Lamar,NCAA Division I-AA,1,0,NA,0,0,0,1,0,0,0
2011,I-AA,70,Lehigh,NCAA Division I-AA,1,0,NA,0,0,0,1,0,0,0
2011,I-AA,71,Monmouth,NCAA Division I-AA,1,0,NA,0,0,0,0,1,0,0
2011,I-AA,72,Yale,NCAA Division I-AA,1,0,NA,0,0,0,1,0,0,0
2011,I-AA,73,Murray State,NCAA Division I-AA,1,0,NA,0,0,0,1,0,0,0
2011,I-AA,74,Dartmouth,NCAA Division I-AA,1,0,NA,0,0,0,1,0,0,0
2011,I-AA,75,Columbia,NCAA Division I-AA,1,0,NA,0,0,0,1,0,0,0
2011,I-AA,76,South Dakota,NCAA Division I-AA,1,0,NA,0,0,0,1,0,0,0
2011,I-AA,77,Delaware State,NCAA Division I-AA,1,0,NA,0,0,0,0,0,0,1
2011,I-AA,78,Duquesne,NCAA Division I-AA,1,0,NA,0,0,0,0,1,0,0
2011,I-AA,79,Eastern Kentucky,NCAA Division I-AA,1,0,NA,0,0,0,1,0,0,0
2011,I-AA,80,Bucknell,NCAA Division I-AA,1,0,NA,0,0,0,1,0,0,0
2011,I-AA,81,Butler,NCAA Division I-AA,1,0,NA,0,0,0,0,0,1,0
2011,I-AA,82,Coastal Carolina,NCAA Division I-AA,1,0,NA,0,0,0,0,1,0,0
2011,I-AA,83,Alabama A&M,SWAC,1,0,NA,0,0,0,1,0,0,0
2011,I-AA,84,Arkansas-Pine Bluff,SWAC,1,0,NA,0,0,0,0,1,0,0
2010,I-A,1,Syracuse,Big East,33,0,NA,0,0,0,16,14,1,2
2010,I-A,2,Auburn,SEC,32,7,NA,0,0,0,12,11,2,7
2010,I-A,3,Washington,Pac-12,31,1,NA,0,0,0,14,15,0,2
2010,I-A,4,Tennessee,SEC,30,6,NA,0,0,0,16,11,2,1
2010,I-A,5,Nevada,Mountain West,30,0,NA,0,0,0,13,17,0,0
2010,I-A,6,Colorado State,Mountain West,30,0,NA,0,0,0,16,13,0,1
2010,I-A,7,Oklahoma,Big 12,29,7,NA,0,0,0,12,11,0,6
2010,I-A,8,Troy,Sun Belt,29,0,NA,0,0,0,13,12,0,4
2010,I-A,9,Temple,Big East,29,0,NA,0,0,0,14,12,1,2
2010,I-A,10,Alabama,SEC,28,8,NA,0,0,0,11,13,2,2
2010,I-A,11,Miami (FL),ACC,28,4,NA,0,0,0,16,11,0,1
2010,I-A,12,Memphis,Conference USA,28,0,NA,0,0,0,13,11,0,4
2010,I-A,13,Kansas State,Big 12,28,0,NA,0,0,0,13,13,0,2
2010,I-A,14,Iowa State,Big 12,28,0,NA,0,0,0,13,11,1,3
2010,I-A,15,San Diego State,Mountain West,28,0,NA,0,0,0,13,9,1,5
2010,I-A,16,UAB,Conference USA,28,0,NA,0,0,0,15,11,0,2
2010,I-A,17,Utah State,WAC,28,0,NA,0,0,0,17,8,1,2
2010,I-A,18,UTEP,Conference USA,28,0,NA,0,0,0,14,12,1,1
2010,I-A,19,Florida,SEC,27,17,NA,0,0,0,8,15,0,4
2010,I-A,20,Oklahoma State,Big 12,27,1,NA,0,0,0,8,16,0,3
2010,I-A,21,Marshall,Conference USA,27,0,NA,0,0,0,10,11,1,5
2010,I-A,22,Kentucky,SEC,27,0,NA,0,0,0,8,16,1,2
2010,I-A,23,Southern Miss,Conference USA,27,0,NA,0,0,0,17,8,1,1
2010,I-A,24,Brigham Young,IA Independents,27,0,NA,0,0,0,11,13,0,3
2010,I-A,25,Minnesota,Big Ten,27,0,NA,0,0,0,11,14,0,2
2010,I-A,26,Houston,Conference USA,27,0,NA,0,0,0,12,12,1,2
2010,I-A,27,Arkansas State,Sun Belt,27,0,NA,0,0,0,10,12,2,3
2010,I-A,28,Toledo,Mid-American,27,0,NA,0,0,0,10,14,0,3
2010,I-A,29,San Jose State,WAC,27,0,NA,0,0,0,15,10,0,2
2010,I-A,30,LSU,SEC,26,7,NA,0,0,0,13,9,1,3
2010,I-A,31,Michigan,Big Ten,26,1,NA,0,0,0,8,14,1,3
2010,I-A,32,Baylor,Big 12,26,1,NA,0,0,0,13,12,0,1
2010,I-A,33,Mississippi,SEC,26,0,NA,0,0,0,9,12,0,5
2010,I-A,34,Texas Tech,Big 12,26,0,NA,0,0,0,6,20,0,0
2010,I-A,35,Southern Methodist,Conference USA,26,0,NA,0,0,0,11,11,0,4
2010,I-A,36,Arizona State,Pac-12,26,0,NA,0,0,0,18,6,0,2
2010,I-A,37,Tulsa,Conference USA,26,0,NA,0,0,0,10,12,1,3
2010,I-A,38,Hawaii,Mountain West,26,0,NA,0,0,0,11,15,0,0
2010,I-A,39,Northern Illinois,Mid-American,26,0,NA,0,0,0,9,14,2,1
2010,I-A,40,Western Michigan,Mid-American,26,0,NA,0,0,0,11,14,0,1
2010,I-A,41,Idaho,WAC,26,0,NA,0,0,0,14,11,0,1
2010,I-A,42,Texas,Big 12,25,15,NA,0,0,0,10,12,1,2
2010,I-A,43,Florida State,ACC,25,8,NA,0,0,0,7,16,0,2
2010,I-A,44,Mississippi State,SEC,25,1,NA,0,0,0,11,9,0,5
2010,I-A,45,Louisville,Big East,25,0,NA,0,0,0,11,11,0,3
2010,I-A,46,Arizona,Pac-12,25,0,NA,0,0,0,10,12,0,3
2010,I-A,47,Arkansas,SEC,25,1,NA,0,0,0,10,10,2,3
2010,I-A,48,Purdue,Big Ten,25,0,NA,0,0,0,8,11,2,4
2010,I-A,49,Utah,Pac-12,25,0,NA,0,0,0,11,14,0,0
2010,I-A,50,Rutgers,Big East,25,0,NA,0,0,0,12,10,0,3
2010,I-A,51,Vanderbilt,SEC,25,0,NA,0,0,0,9,13,1,2
2010,I-A,52,Colorado,Pac-12,25,0,NA,0,0,0,15,7,1,2
2010,I-A,53,Indiana,Big Ten,25,0,NA,0,0,0,10,13,0,2
2010,I-A,54,Washington State,Pac-12,25,0,NA,0,0,0,15,9,0,1
2010,I-A,55,UNLV,Mountain West,25,0,NA,0,0,0,12,11,1,1
2010,I-A,56,Tulane,Conference USA,25,0,NA,0,0,0,10,12,2,1
2010,I-A,57,Louisiana-Lafayette,Sun Belt,25,0,NA,0,0,0,10,14,0,1
2010,I-A,58,Texas A&M,SEC,24,3,NA,0,0,0,14,9,0,1
2010,I-A,59,South Carolina,SEC,24,3,NA,0,0,0,11,9,1,3
2010,I-A,60,Pittsburgh,Big East,24,0,NA,0,0,0,13,6,0,5
2010,I-A,61,Wisconsin,Big Ten,24,0,NA,0,0,0,9,12,0,3
2010,I-A,62,Cincinnati,Big East,24,0,NA,0,0,0,9,11,2,2
2010,I-A,63,Bowling Green,Mid-American,24,0,NA,0,0,0,13,10,0,1
2010,I-A,64,Wyoming,Mountain West,24,0,NA,0,0,0,13,10,0,1
2010,I-A,65,Clemson,ACC,23,2,NA,0,0,0,8,11,0,4
2010,I-A,66,Oregon,Pac-12,23,4,NA,0,0,0,8,10,1,4
2010,I-A,67,Notre Dame,IA Independents,23,2,NA,0,0,0,12,9,0,2
2010,I-A,68,Missouri,SEC,23,0,NA,0,0,0,11,10,0,2
2010,I-A,69,North Carolina State,ACC,23,1,NA,0,0,0,8,12,1,2
2010,I-A,70,UCF,Conference USA,23,0,NA,0,0,0,13,7,0,3
2010,I-A,71,Illinois,Big Ten,23,0,NA,0,0,0,15,7,0,1
2010,I-A,72,Florida International,Sun Belt,23,1,NA,0,0,0,8,13,1,1
2010,I-A,73,Connecticut,Big East,23,0,NA,0,0,0,9,10,0,4
2010,I-A,74,Akron,Mid-American,23,0,NA,0,0,0,14,6,0,3
2010,I-A,75,Miami (OH),Mid-American,23,0,NA,0,0,0,11,9,1,2
2010,I-A,76,Eastern Michigan,Mid-American,23,0,NA,0,0,0,11,12,0,0
2010,I-A,77,UCLA,Pac-12,22,7,NA,0,0,0,8,12,1,1
2010,I-A,78,Stanford,Pac-12,22,3,NA,0,0,0,9,10,1,2
2010,I-A,79,Nebraska,Big Ten,22,1,NA,0,0,0,9,11,0,2
2010,I-A,80,Maryland,ACC,22,1,NA,0,0,0,6,13,0,3
2010,I-A,81,Iowa,Big Ten,22,1,NA,0,0,0,7,10,1,4
2010,I-A,82,North Texas,Sun Belt,22,0,NA,0,0,0,9,12,1,0
2010,I-A,83,Louisiana-Monroe,Sun Belt,22,0,NA,0,0,0,11,11,0,0
2010,I-A,84,Virginia Tech,ACC,21,1,NA,0,0,0,10,10,0,1
2010,I-A,85,Michigan State,Big Ten,21,1,NA,0,0,0,11,8,1,1
2010,I-A,86,Boston College,ACC,21,0,NA,0,0,0,15,5,0,1
2010,I-A,87,East Carolina,Conference USA,21,0,NA,0,0,0,9,8,0,4
2010,I-A,88,Wake Forest,ACC,21,0,NA,0,0,0,14,6,0,1
2010,I-A,89,Ball State,Mid-American,21,0,NA,0,0,0,9,11,1,0
2010,I-A,90,Kent State,Mid-American,21,0,NA,0,0,0,4,16,0,1
2010,I-A,91,Georgia,SEC,20,6,NA,0,0,0,7,12,0,1
2010,I-A,92,Penn State,Big Ten,20,6,NA,0,0,0,12,7,0,1
2010,I-A,93,North Carolina,ACC,20,1,NA,0,0,0,8,8,0,4
2010,I-A,94,South Florida,Big East,20,2,NA,0,0,0,9,8,1,2
2010,I-A,95,Duke,ACC,20,0,NA,0,0,0,9,9,0,2
2010,I-A,96,Fresno State,Mountain West,20,0,NA,0,0,0,10,4,0,6
2010,I-A,97,Louisiana Tech,WAC,20,0,NA,0,0,0,8,10,0,2
2010,I-A,98,Buffalo,Mid-American,20,0,NA,0,0,0,11,7,1,1
2010,I-A,99,Middle Tennessee,Sun Belt,20,0,NA,0,0,0,7,11,0,2
2010,I-A,100,USC,Pac-12,19,10,NA,0,0,0,10,4,0,5
2010,I-A,101,California,Pac-12,19,2,NA,0,0,0,11,7,0,1
2010,I-A,102,Ohio State,Big Ten,19,4,NA,0,0,0,8,8,1,2
2010,I-A,103,West Virginia,Big 12,19,1,NA,0,0,0,8,6,0,5
2010,I-A,104,Kansas,Big 12,19,0,NA,0,0,0,8,9,0,2
2010,I-A,105,Central Michigan,Mid-American,19,0,NA,0,0,0,7,11,1,0
2010,I-A,106,TCU,Big 12,18,0,NA,0,0,0,5,8,0,5
2010,I-A,107,Georgia Tech,ACC,18,0,NA,0,0,0,5,10,1,2
2010,I-A,108,New Mexico,Mountain West,18,0,NA,0,0,0,9,8,0,1
2010,I-A,109,Virginia,ACC,17,0,NA,0,0,0,11,5,0,1
2010,I-A,110,Northwestern,Big Ten,17,0,NA,0,0,0,7,7,0,3
2010,I-A,111,Oregon State,Pac-12,17,0,NA,0,0,0,6,10,1,0
2010,I-A,112,New Mexico State,WAC,17,0,NA,0,0,0,9,7,1,0
2010,I-A,113,Ohio,Mid-American,17,0,NA,0,0,0,7,8,0,2
2010,I-A,114,Western Kentucky,Sun Belt,16,0,NA,0,0,0,9,7,0,0
2010,I-A,115,Rice,Conference USA,16,0,NA,0,0,0,6,7,0,3
2010,I-A,116,Florida Atlantic,Sun Belt,12,0,NA,0,0,0,6,6,0,0
2010,I-A,117,Boise State,Mountain West,10,0,NA,0,0,0,4,5,0,1
2010,I-A,118,Navy,IA Independents,1,0,NA,0,0,0,1,0,0,0
2010,I-AA,1,Lafayette,NCAA Division I-AA,32,0,NA,0,0,0,16,14,0,2
2010,I-AA,2,Northwestern State,NCAA Division I-AA,31,0,NA,0,0,0,13,12,0,6
2010,I-AA,3,Harvard,NCAA Division I-AA,30,0,NA,0,0,0,14,12,1,3
2010,I-AA,4,Stephen F. Austin,NCAA Division I-AA,25,0,NA,0,0,0,12,11,1,1
2010,I-AA,5,Georgia Southern,NCAA Division I-AA,24,0,NA,0,0,0,14,10,0,0
2010,I-AA,6,South Carolina State,NCAA Division I-AA,22,0,NA,0,0,0,9,10,0,3
2010,I-AA,7,Southern Illinois,NCAA Division I-AA,22,0,NA,0,0,0,11,10,1,0
2010,I-AA,8,Weber State,NCAA Division I-AA,22,0,NA,0,0,0,14,5,1,2
2010,I-AA,9,Northern Iowa,NCAA Division I-AA,21,0,NA,0,0,0,10,7,1,3
2010,I-AA,10,South Dakota State,NCAA Division I-AA,21,0,NA,0,0,0,12,7,2,0
2010,I-AA,11,Montana,NCAA Division I-AA,20,0,NA,0,0,0,11,9,0,0
2010,I-AA,12,Prairie View A&M,SWAC,20,0,NA,0,0,0,7,9,1,3
2010,I-AA,13,James Madison,NCAA Division I-AA,19,0,NA,0,0,0,7,8,1,3
2010,I-AA,14,Western Carolina,NCAA Division I-AA,19,0,NA,0,0,0,10,8,0,1
2010,I-AA,15,Eastern Illinois,NCAA Division I-AA,19,0,NA,0,0,0,7,9,1,2
2010,I-AA,16,Delaware,NCAA Division I-AA,19,0,NA,0,0,0,10,9,0,0
2010,I-AA,17,Liberty,NCAA Division I-AA,19,0,NA,0,0,0,9,9,0,1
2010,I-AA,18,Jacksonville State,NCAA Division I-AA,19,0,NA,0,0,0,12,5,1,1
2010,I-AA,19,Richmond,NCAA Division I-AA,19,0,NA,0,0,0,9,7,0,3
2010,I-AA,20,New Hampshire,NCAA Division I-AA,17,0,NA,0,0,0,8,7,0,2
2010,I-AA,21,Massachusetts,Mid-American,17,0,NA,0,0,0,10,6,0,1
2010,I-AA,22,Eastern Washington,NCAA Division I-AA,16,0,NA,0,0,0,13,2,0,1
2010,I-AA,23,Appalachian State,NCAA Division I-AA,15,0,NA,0,0,0,10,5,0,0
2010,I-AA,24,Villanova,NCAA Division I-AA,15,0,NA,0,0,0,8,6,0,1
2010,I-AA,25,McNeese State,NCAA Division I-AA,15,0,NA,0,0,0,7,6,1,1
2010,I-AA,26,Texas State,WAC,14,0,NA,0,0,0,9,5,0,0
2010,I-AA,27,Elon,NCAA Division I-AA,14,0,NA,0,0,0,5,9,0,0
2010,I-AA,28,William & Mary,NCAA Division I-AA,14,0,NA,0,0,0,8,5,1,0
2010,I-AA,29,Alabama State,SWAC,2,0,NA,0,0,0,1,1,0,0
2010,I-AA,30,Nicholls State,NCAA Division I-AA,2,0,NA,0,0,0,2,0,0,0
2010,I-AA,31,Murray State,NCAA Division I-AA,1,0,NA,0,0,0,1,0,0,0
2010,I-AA,32,Youngstown State,NCAA Division I-AA,1,0,NA,0,0,0,1,0,0,0
2010,I-AA,33,Hampton,NCAA Division I-AA,1,0,NA,0,0,0,1,0,0,0
2010,I-AA,34,Stony Brook,NCAA Division I-AA,1,0,NA,0,0,0,1,0,0,0
2010,I-AA,35,Sam Houston State,NCAA Division I-AA,1,0,NA,0,0,0,0,1,0,0
2010,I-AA,36,Georgetown,NCAA Division I-AA,1,0,NA,0,0,0,0,1,0,0
2010,I-AA,37,Southeastern Louisiana,NCAA Division I-AA,1,0,NA,0,0,0,1,0,0,0
2010,I-AA,38,Sacred Heart,NCAA Division I-AA,1,0,NA,0,0,0,0,1,0,0
2010,I-AA,39,Delaware State,NCAA Division I-AA,1,0,NA,0,0,0,1,0,0,0
2010,I-AA,40,Drake,NCAA Division I-AA,1,0,NA,0,0,0,0,0,1,0
2010,I-AA,41,Texas Southern,SWAC,1,0,NA,0,0,0,0,1,0,0
2009,I-A,1,Troy,Sun Belt,39,0,NA,0,0,0,19,19,0,1
2009,I-A,2,Mississippi,SEC,37,3,NA,0,0,0,16,16,2,3
2009,I-A,3,Arkansas,SEC,33,1,NA,0,0,0,15,14,1,3
2009,I-A,4,Kansas State,Big 12,32,0,NA,0,0,0,14,13,1,4
2009,I-A,5,Alabama,SEC,30,9,NA,0,0,0,14,15,0,0
2009,I-A,6,Central Michigan,Mid-American,30,0,NA,0,0,0,14,14,0,2
2009,I-A,7,Hawaii,Mountain West,30,0,NA,0,0,0,13,14,1,2
2009,I-A,8,South Florida,Big East,29,1,NA,0,0,0,10,15,0,4
2009,I-A,9,Auburn,SEC,29,0,NA,0,0,0,13,11,0,5
2009,I-A,10,Baylor,Big 12,29,1,NA,0,0,0,17,9,0,3
2009,I-A,11,South Carolina,SEC,28,6,NA,0,0,0,11,15,0,2
2009,I-A,12,North Carolina,ACC,28,4,NA,0,0,0,11,12,1,4
2009,I-A,13,Texas A&M,SEC,28,1,NA,0,0,0,8,15,1,4
2009,I-A,14,Kentucky,SEC,28,1,NA,0,0,0,13,14,0,1
2009,I-A,15,North Carolina State,ACC,28,0,NA,0,0,0,9,15,1,3
2009,I-A,16,Southern Methodist,Conference USA,28,0,NA,0,0,0,12,13,1,2
2009,I-A,17,Temple,Big East,28,0,NA,0,0,0,11,15,1,1
2009,I-A,18,Mississippi State,SEC,27,2,NA,0,0,0,12,8,2,5
2009,I-A,19,Duke,ACC,27,0,NA,0,0,0,10,13,0,4
2009,I-A,20,Louisiana-Monroe,Sun Belt,27,0,NA,0,0,0,15,10,0,2
2009,I-A,21,Ohio State,Big Ten,26,7,NA,0,0,0,14,10,0,2
2009,I-A,22,Penn State,Big Ten,26,1,NA,0,0,0,11,10,1,4
2009,I-A,23,Oklahoma State,Big 12,26,1,NA,0,0,0,10,14,0,2
2009,I-A,24,Maryland,ACC,26,1,NA,0,0,0,10,14,1,1
2009,I-A,25,Marshall,Conference USA,26,0,NA,0,0,0,11,12,0,3
2009,I-A,26,Louisville,Big East,26,0,NA,0,0,0,9,16,0,1
2009,I-A,27,Cincinnati,Big East,26,0,NA,0,0,0,10,11,1,4
2009,I-A,28,Florida Atlantic,Sun Belt,26,0,NA,0,0,0,11,13,1,1
2009,I-A,29,Tulane,Conference USA,26,0,NA,0,0,0,12,12,1,1
2009,I-A,30,Louisiana Tech,WAC,26,0,NA,0,0,0,14,11,1,0
2009,I-A,31,Utah State,WAC,26,0,NA,0,0,0,14,12,0,0
2009,I-A,32,Western Kentucky,Sun Belt,26,0,NA,0,0,0,11,11,1,3
2009,I-A,33,LSU,SEC,25,10,NA,0,0,0,8,13,1,3
2009,I-A,34,West Virginia,Big 12,25,1,NA,0,0,0,13,11,0,1
2009,I-A,35,Virginia,ACC,25,1,NA,0,0,0,13,10,0,2
2009,I-A,36,Texas Tech,Big 12,25,0,NA,0,0,0,11,12,0,2
2009,I-A,37,Oregon,Pac-12,25,1,NA,0,0,0,9,13,2,1
2009,I-A,38,Missouri,SEC,25,1,NA,0,0,0,11,13,0,1
2009,I-A,39,Kansas,Big 12,25,0,NA,0,0,0,9,14,0,2
2009,I-A,40,Arizona,Pac-12,25,0,NA,0,0,0,14,10,0,1
2009,I-A,41,Iowa State,Big 12,25,0,NA,0,0,0,9,12,0,4
2009,I-A,42,Tulsa,Conference USA,25,0,NA,0,0,0,12,11,0,2
2009,I-A,43,Oregon State,Pac-12,25,0,NA,0,0,0,13,7,0,5
2009,I-A,44,Houston,Conference USA,25,0,NA,0,0,0,11,11,0,3
2009,I-A,45,Miami (OH),Mid-American,25,0,NA,0,0,0,11,14,0,0
2009,I-A,46,Rice,Conference USA,25,0,NA,0,0,0,11,11,1,2
2009,I-A,47,Tennessee,SEC,24,6,NA,0,0,0,9,13,0,2
2009,I-A,48,Oklahoma,Big 12,24,6,NA,0,0,0,10,14,0,0
2009,I-A,49,UCLA,Pac-12,24,4,NA,0,0,0,12,10,0,2
2009,I-A,50,Rutgers,Big East,24,3,NA,0,0,0,8,12,0,4
2009,I-A,51,Arizona State,Pac-12,24,2,NA,0,0,0,13,7,0,4
2009,I-A,52,UAB,Conference USA,24,0,NA,0,0,0,10,14,0,0
2009,I-A,53,Utah,Pac-12,24,0,NA,0,0,0,11,13,0,0
2009,I-A,54,Memphis,Conference USA,24,0,NA,0,0,0,15,8,1,0
2009,I-A,55,Western Michigan,Mid-American,24,0,NA,0,0,0,16,8,0,0
2009,I-A,56,Akron,Mid-American,24,0,NA,0,0,0,12,10,1,1
2009,I-A,57,Wyoming,Mountain West,24,0,NA,0,0,0,11,13,0,0
2009,I-A,58,Northern Illinois,Mid-American,24,0,NA,0,0,0,8,13,2,1
2009,I-A,59,Michigan State,Big Ten,23,2,NA,0,0,0,12,10,1,0
2009,I-A,60,Florida International,Sun Belt,23,0,NA,0,0,0,10,11,1,1
2009,I-A,61,UCF,Conference USA,23,0,NA,0,0,0,8,13,0,2
2009,I-A,62,Middle Tennessee,Sun Belt,23,0,NA,0,0,0,7,12,0,4
2009,I-A,63,Colorado State,Mountain West,23,0,NA,0,0,0,11,11,1,0
2009,I-A,64,Eastern Michigan,Mid-American,23,0,NA,0,0,0,8,14,0,1
2009,I-A,65,Buffalo,Mid-American,23,0,NA,0,0,0,12,11,0,0
2009,I-A,66,Kent State,Mid-American,23,0,NA,0,0,0,10,11,1,1
2009,I-A,67,Michigan,Big Ten,22,7,NA,0,0,0,9,7,1,5
2009,I-A,68,Stanford,Pac-12,22,2,NA,0,0,0,14,8,0,0
2009,I-A,69,TCU,Big 12,22,0,NA,0,0,0,10,10,0,2
2009,I-A,70,Southern Miss,Conference USA,22,0,NA,0,0,0,13,8,0,1
2009,I-A,71,Washington State,Pac-12,22,0,NA,0,0,0,7,13,0,2
2009,I-A,72,Ball State,Mid-American,22,0,NA,0,0,0,12,8,0,2
2009,I-A,73,New Mexico State,WAC,22,0,NA,0,0,0,11,9,0,2
2009,I-A,74,Bowling Green,Mid-American,22,0,NA,0,0,0,10,10,0,2
2009,I-A,75,UNLV,Mountain West,22,0,NA,0,0,0,10,11,0,1
2009,I-A,76,Ohio,Mid-American,22,0,NA,0,0,0,14,7,0,1
2009,I-A,77,Georgia,SEC,21,8,NA,0,0,0,10,8,1,2
2009,I-A,78,Virginia Tech,ACC,21,2,NA,0,0,0,6,10,1,4
2009,I-A,79,Georgia Tech,ACC,21,0,NA,0,0,0,9,11,0,1
2009,I-A,80,Wisconsin,Big Ten,21,1,NA,0,0,0,11,8,0,2
2009,I-A,81,Arkansas State,Sun Belt,21,0,NA,0,0,0,10,9,0,2
2009,I-A,82,Wake Forest,ACC,21,0,NA,0,0,0,7,10,1,3
2009,I-A,83,Nebraska,Big Ten,21,0,NA,0,0,0,9,9,0,3
2009,I-A,84,Purdue,Big Ten,21,0,NA,0,0,0,8,10,0,3
2009,I-A,85,Boise State,Mountain West,21,0,NA,0,0,0,10,10,0,1
2009,I-A,86,San Diego State,Mountain West,21,0,NA,0,0,0,11,8,0,2
2009,I-A,87,UTEP,Conference USA,21,0,NA,0,0,0,10,9,0,2
2009,I-A,88,Connecticut,Big East,21,0,NA,0,0,0,9,9,1,2
2009,I-A,89,Brigham Young,IA Independents,21,0,NA,0,0,0,14,6,0,1
2009,I-A,90,North Texas,Sun Belt,21,0,NA,0,0,0,9,11,1,0
2009,I-A,91,Toledo,Mid-American,21,0,NA,0,0,0,8,11,1,1
2009,I-A,92,Texas,Big 12,20,9,NA,0,0,0,9,11,0,0
2009,I-A,93,Florida State,ACC,20,5,NA,0,0,0,10,8,1,1
2009,I-A,94,Minnesota,Big Ten,20,1,NA,0,0,0,11,6,1,2
2009,I-A,95,Illinois,Big Ten,20,1,NA,0,0,0,10,8,0,2
2009,I-A,96,Pittsburgh,Big East,20,0,NA,0,0,0,12,6,0,2
2009,I-A,97,New Mexico,Mountain West,20,0,NA,0,0,0,11,6,1,2
2009,I-A,98,Idaho,WAC,20,0,NA,0,0,0,10,9,0,1
2009,I-A,99,Miami (FL),ACC,19,6,NA,0,0,0,9,8,0,2
2009,I-A,100,Colorado,Pac-12,19,0,NA,0,0,0,10,8,1,0
2009,I-A,101,East Carolina,Conference USA,19,0,NA,0,0,0,8,10,0,1
2009,I-A,102,Indiana,Big Ten,19,0,NA,0,0,0,11,5,1,2
2009,I-A,103,Iowa,Big Ten,19,1,NA,0,0,0,15,4,0,0
2009,I-A,104,Washington,Pac-12,19,0,NA,0,0,0,3,12,1,3
2009,I-A,105,USC,Pac-12,18,9,NA,0,0,0,5,9,1,3
2009,I-A,106,Notre Dame,IA Independents,18,7,NA,0,0,0,7,5,2,4
2009,I-A,107,California,Pac-12,18,1,NA,0,0,0,8,9,1,0
2009,I-A,108,Boston College,ACC,18,0,NA,0,0,0,9,8,1,0
2009,I-A,109,Northwestern,Big Ten,18,0,NA,0,0,0,8,9,1,0
2009,I-A,110,Louisiana-Lafayette,Sun Belt,18,0,NA,0,0,0,9,7,0,2
2009,I-A,111,Nevada,Mountain West,18,0,NA,0,0,0,9,8,1,0
2009,I-A,112,Florida,SEC,17,8,NA,0,0,0,10,6,0,1
2009,I-A,113,Vanderbilt,SEC,17,0,NA,0,0,0,11,6,0,0
2009,I-A,114,Fresno State,Mountain West,17,0,NA,0,0,0,3,13,0,1
2009,I-A,115,Syracuse,Big East,17,0,NA,0,0,0,6,10,1,0
2009,I-A,116,San Jose State,WAC,17,0,NA,0,0,0,9,7,1,0
2009,I-A,117,Clemson,ACC,12,4,NA,0,0,0,7,5,0,0
2009,I-AA,1,Eastern Washington,NCAA Division I-AA,32,0,NA,0,0,0,0,0,0,0
2009,I-AA,2,Stephen F. Austin,NCAA Division I-AA,24,0,NA,0,0,0,0,0,0,0
2009,I-AA,3,Delaware,NCAA Division I-AA,21,0,NA,0,0,0,0,0,0,0
2009,I-AA,4,Massachusetts,Mid-American,19,0,NA,0,0,0,0,0,0,0
2009,I-AA,5,James Madison,NCAA Division I-AA,18,0,NA,0,0,0,0,0,0,0
2009,I-AA,6,Appalachian State,NCAA Division I-AA,15,0,NA,0,0,0,0,0,0,0
2009,I-AA,7,Richmond,NCAA Division I-AA,14,0,NA,0,0,0,0,0,0,0
2009,I-AA,8,Villanova,NCAA Division I-AA,12,0,NA,0,0,0,0,0,0,0
2009,I-AA,9,New Hampshire,NCAA Division I-AA,10,0,NA,0,0,0,0,0,0,0
2009,I-AA,10,William & Mary,NCAA Division I-AA,10,0,NA,0,0,0,0,0,0,0
2009,I-AA,11,North Dakota State,NCAA Division I-AA,8,0,NA,0,0,0,5,3,0,0
2009,I-AA,12,Georgia Southern,NCAA Division I-AA,2,0,NA,0,0,0,0,0,0,0
2009,I-AA,13,Idaho State,NCAA Division I-AA,1,0,NA,0,0,0,0,0,0,0
2009,I-AA,14,Samford,NCAA Division I-AA,1,0,NA,0,0,0,0,1,0,0
2009,I-AA,15,Bethune-Cookman,NCAA Division I-AA,1,0,NA,0,0,0,0,1,0,0
2009,I-AA,16,Georgetown,NCAA Division I-AA,1,0,NA,0,0,0,0,1,0,0
2009,I-AA,17,Jacksonville State,NCAA Division I-AA,1,0,NA,0,0,0,1,0,0,0
2009,I-AA,18,Alabama State,SWAC,1,0,NA,0,0,0,1,0,0,0
2009,I-AA,19,Western Carolina,NCAA Division I-AA,1,0,NA,0,0,0,0,1,0,0
2009,I-AA,20,Northeastern,CAA,0,0,NA,0,0,0,0,0,0,0
2009,I-AA,21,Stony Brook,NCAA Division I-AA,0,0,NA,0,0,0,0,1,0,0
2008,I-A,1,Troy,Sun Belt,36,0,NA,NA,NA,NA,14,20,0,2
2008,I-A,2,Kansas State,Big 12,33,0,NA,NA,NA,NA,14,15,1,3
2008,I-A,3,Alabama,SEC,32,7,NA,NA,NA,NA,12,16,1,3
2008,I-A,4,Miami (FL),ACC,32,12,NA,NA,NA,NA,14,17,1,0
2008,I-A,5,Florida State,ACC,31,5,NA,NA,NA,NA,17,12,0,2
2008,I-A,6,Virginia Tech,ACC,31,1,NA,NA,NA,NA,10,14,0,7
2008,I-A,7,Minnesota,Big Ten,31,1,NA,NA,NA,NA,9,14,0,8
2008,I-A,8,Mississippi,SEC,30,0,NA,NA,NA,NA,17,10,0,2
2008,I-A,9,Wisconsin,Big Ten,29,1,NA,NA,NA,NA,14,14,1,0
2008,I-A,10,Auburn,SEC,28,2,NA,NA,NA,NA,13,14,0,1
2008,I-A,11,Arizona State,Pac-12,28,1,NA,NA,NA,NA,11,13,0,4
2008,I-A,12,Illinois,Big Ten,28,1,NA,NA,NA,NA,16,11,0,1
2008,I-A,13,Boston College,ACC,28,0,NA,NA,NA,NA,13,11,1,3
2008,I-A,14,Southern Methodist,Conference USA,28,0,NA,NA,NA,NA,20,8,0,0
2008,I-A,15,Nebraska,Big Ten,27,1,NA,NA,NA,NA,13,10,0,4
2008,I-A,16,North Carolina State,ACC,27,2,NA,NA,NA,NA,9,14,0,4
2008,I-A,17,West Virginia,Big 12,27,0,NA,NA,NA,NA,11,13,1,2
2008,I-A,18,Oklahoma State,Big 12,27,1,NA,NA,NA,NA,13,13,1,0
2008,I-A,19,Mississippi State,SEC,27,1,NA,NA,NA,NA,9,14,1,3
2008,I-A,20,Temple,Big East,27,0,NA,NA,NA,NA,11,12,0,4
2008,I-A,21,Tulsa,Conference USA,27,0,NA,NA,NA,NA,13,13,1,0
2008,I-A,22,LSU,SEC,26,4,NA,NA,NA,NA,14,11,0,1
2008,I-A,23,Arkansas,SEC,26,3,NA,NA,NA,NA,15,7,0,4
2008,I-A,24,Washington,Pac-12,26,1,NA,NA,NA,NA,17,8,0,1
2008,I-A,25,Purdue,Big Ten,26,0,NA,NA,NA,NA,11,14,1,0
2008,I-A,26,Iowa,Big Ten,26,0,NA,NA,NA,NA,14,11,1,0
2008,I-A,27,Akron,Mid-American,26,1,NA,NA,NA,NA,12,13,0,1
2008,I-A,28,Syracuse,Big East,26,0,NA,NA,NA,NA,14,11,1,0
2008,I-A,29,Washington State,Pac-12,26,0,NA,NA,NA,NA,14,10,0,2
2008,I-A,30,UTEP,Conference USA,26,0,NA,NA,NA,NA,10,16,0,0
2008,I-A,31,Clemson,ACC,25,10,NA,NA,NA,NA,13,10,2,0
2008,I-A,32,Arizona,Pac-12,25,0,NA,NA,NA,NA,14,11,0,0
2008,I-A,33,North Texas,Sun Belt,25,0,NA,NA,NA,NA,10,11,0,4
2008,I-A,34,Cincinnati,Big East,25,0,NA,NA,NA,NA,13,9,1,2
2008,I-A,35,Arkansas State,Sun Belt,25,0,NA,NA,NA,NA,13,9,1,2
2008,I-A,36,Western Michigan,Mid-American,25,0,NA,NA,NA,NA,11,13,1,0
2008,I-A,37,Georgia,SEC,24,8,NA,NA,NA,NA,11,9,1,3
2008,I-A,38,Michigan,Big Ten,24,4,NA,NA,NA,NA,14,5,0,5
2008,I-A,39,Texas A&M,SEC,24,3,NA,NA,NA,NA,10,13,0,1
2008,I-A,40,Southern Miss,Conference USA,24,1,NA,NA,NA,NA,12,10,0,2
2008,I-A,41,Missouri,SEC,24,1,NA,NA,NA,NA,12,11,0,1
2008,I-A,42,Florida International,Sun Belt,24,0,NA,NA,NA,NA,8,16,0,0
2008,I-A,43,Louisville,Big East,24,0,NA,NA,NA,NA,12,11,1,0
2008,I-A,44,Iowa State,Big 12,24,0,NA,NA,NA,NA,9,10,2,3
2008,I-A,45,UAB,Conference USA,24,0,NA,NA,NA,NA,9,12,0,3
2008,I-A,46,Middle Tennessee,Sun Belt,24,0,NA,NA,NA,NA,13,9,1,1
2008,I-A,47,Colorado State,Mountain West,24,0,NA,NA,NA,NA,9,12,1,2
2008,I-A,48,Toledo,Mid-American,24,0,NA,NA,NA,NA,10,14,0,0
2008,I-A,49,Florida,SEC,23,11,NA,NA,NA,NA,9,12,1,1
2008,I-A,50,Notre Dame,IA Independents,23,10,NA,NA,NA,NA,11,11,0,1
2008,I-A,51,UCLA,Pac-12,23,4,NA,NA,NA,NA,13,9,1,0
2008,I-A,52,South Florida,Big East,23,0,NA,NA,NA,NA,10,9,2,2
2008,I-A,53,South Carolina,SEC,23,1,NA,NA,NA,NA,7,13,1,2
2008,I-A,54,Connecticut,Big East,23,0,NA,NA,NA,NA,11,11,0,1
2008,I-A,55,Houston,Conference USA,23,0,NA,NA,NA,NA,8,13,1,1
2008,I-A,56,Fresno State,Mountain West,23,0,NA,NA,NA,NA,13,8,0,2
2008,I-A,57,Louisiana-Lafayette,Sun Belt,23,0,NA,NA,NA,NA,8,11,1,3
2008,I-A,58,Wyoming,Mountain West,23,0,NA,NA,NA,NA,13,9,1,0
2008,I-A,59,California,Pac-12,22,0,NA,NA,NA,NA,8,12,0,2
2008,I-A,60,Rutgers,Big East,22,0,NA,NA,NA,NA,9,11,0,2
2008,I-A,61,Baylor,Big 12,22,1,NA,NA,NA,NA,12,7,1,2
2008,I-A,62,San Diego State,Mountain West,22,0,NA,NA,NA,NA,13,7,1,1
2008,I-A,63,New Mexico,Mountain West,22,0,NA,NA,NA,NA,12,8,0,2
2008,I-A,64,UNLV,Mountain West,22,0,NA,NA,NA,NA,11,8,0,3
2008,I-A,65,Central Michigan,Mid-American,22,0,NA,NA,NA,NA,12,10,0,0
2008,I-A,66,Eastern Michigan,Mid-American,22,0,NA,NA,NA,NA,11,9,0,2
2008,I-A,67,Oklahoma,Big 12,21,8,NA,NA,NA,NA,11,9,1,0
2008,I-A,68,Colorado,Pac-12,21,3,NA,NA,NA,NA,10,9,1,1
2008,I-A,69,Marshall,Conference USA,21,0,NA,NA,NA,NA,11,9,1,0
2008,I-A,70,Vanderbilt,SEC,21,0,NA,NA,NA,NA,5,13,1,2
2008,I-A,71,Kent State,Mid-American,21,0,NA,NA,NA,NA,11,8,1,1
2008,I-A,72,Brigham Young,IA Independents,21,0,NA,NA,NA,NA,10,10,1,0
2008,I-A,73,Louisiana-Monroe,Sun Belt,21,0,NA,NA,NA,NA,12,8,0,1
2008,I-A,74,Ball State,Mid-American,21,0,NA,NA,NA,NA,9,9,2,1
2008,I-A,75,Boise State,Mountain West,21,0,NA,NA,NA,NA,12,8,0,1
2008,I-A,76,Utah State,WAC,21,0,NA,NA,NA,NA,12,8,0,1
2008,I-A,77,USC,Pac-12,20,10,NA,NA,NA,NA,8,9,0,3
2008,I-A,78,Ohio State,Big Ten,20,8,NA,NA,NA,NA,9,9,1,1
2008,I-A,79,Georgia Tech,ACC,20,0,NA,NA,NA,NA,11,8,0,1
2008,I-A,80,Oregon,Pac-12,20,1,NA,NA,NA,NA,11,6,0,3
2008,I-A,81,Maryland,ACC,20,2,NA,NA,NA,NA,12,7,0,1
2008,I-A,82,Kansas,Big 12,20,0,NA,NA,NA,NA,11,7,1,1
2008,I-A,83,Memphis,Conference USA,20,0,NA,NA,NA,NA,11,8,0,1
2008,I-A,84,Michigan State,Big Ten,20,0,NA,NA,NA,NA,9,8,0,3
2008,I-A,85,UCF,Conference USA,20,0,NA,NA,NA,NA,12,7,0,1
2008,I-A,86,Northwestern,Big Ten,20,0,NA,NA,NA,NA,10,9,0,1
2008,I-A,87,Indiana,Big Ten,20,0,NA,NA,NA,NA,15,5,0,0
2008,I-A,88,Kentucky,SEC,20,0,NA,NA,NA,NA,8,9,0,3
2008,I-A,89,Nevada,Mountain West,20,0,NA,NA,NA,NA,8,12,0,0
2008,I-A,90,Ohio,Mid-American,20,0,NA,NA,NA,NA,9,10,1,0
2008,I-A,91,Idaho,WAC,20,0,NA,NA,NA,NA,9,9,1,1
2008,I-A,92,Texas,Big 12,19,8,NA,NA,NA,NA,8,9,1,1
2008,I-A,93,Tennessee,SEC,19,1,NA,NA,NA,NA,8,11,0,0
2008,I-A,94,Pittsburgh,Big East,19,4,NA,NA,NA,NA,11,4,1,3
2008,I-A,95,East Carolina,Conference USA,19,0,NA,NA,NA,NA,10,8,0,1
2008,I-A,96,Tulane,Conference USA,19,0,NA,NA,NA,NA,9,9,0,1
2008,I-A,97,North Carolina,ACC,18,1,NA,NA,NA,NA,6,12,0,0
2008,I-A,98,Stanford,Pac-12,18,1,NA,NA,NA,NA,7,6,1,4
2008,I-A,99,Louisiana Tech,WAC,18,0,NA,NA,NA,NA,7,10,0,1
2008,I-A,100,Virginia,ACC,18,0,NA,NA,NA,NA,10,6,1,1
2008,I-A,101,Oregon State,Pac-12,18,0,NA,NA,NA,NA,11,6,0,1
2008,I-A,102,Hawaii,Mountain West,18,0,NA,NA,NA,NA,10,7,0,1
2008,I-A,103,Miami (OH),Mid-American,18,0,NA,NA,NA,NA,11,6,1,0
2008,I-A,104,San Jose State,WAC,18,0,NA,NA,NA,NA,7,8,1,2
2008,I-A,105,New Mexico State,WAC,18,0,NA,NA,NA,NA,10,7,1,0
2008,I-A,106,Wake Forest,ACC,17,0,NA,NA,NA,NA,9,7,0,1
2008,I-A,107,Duke,ACC,17,0,NA,NA,NA,NA,9,5,1,2
2008,I-A,108,TCU,Big 12,17,1,NA,NA,NA,NA,10,4,1,2
2008,I-A,109,Rice,Conference USA,17,0,NA,NA,NA,NA,10,4,1,2
2008,I-A,110,Buffalo,Mid-American,17,0,NA,NA,NA,NA,7,9,0,1
2008,I-A,111,Utah,Pac-12,16,0,NA,NA,NA,NA,10,4,0,2
2008,I-A,112,Western Kentucky,Sun Belt,16,0,NA,NA,NA,NA,6,9,0,1
2008,I-A,113,Bowling Green,Mid-American,16,0,NA,NA,NA,NA,7,7,1,1
2008,I-A,114,Texas Tech,Big 12,15,0,NA,NA,NA,NA,5,8,1,1
2008,I-A,115,Penn State,Big Ten,14,1,NA,NA,NA,NA,6,8,0,0
2008,I-A,116,Northern Illinois,Mid-American,13,0,NA,NA,NA,NA,6,6,0,1
2008,I-A,117,Florida Atlantic,Sun Belt,6,0,NA,NA,NA,NA,4,2,0,0
2008,I-AA,1,Georgia Southern,NCAA Division I-AA,36,0,NA,NA,NA,NA,19,15,0,2
2008,I-AA,2,Montana,NCAA Division I-AA,31,0,NA,NA,NA,NA,16,13,2,0
2008,I-AA,3,Delaware State,NCAA Division I-AA,26,0,NA,NA,NA,NA,13,13,0,0
2008,I-AA,4,Northern Iowa,NCAA Division I-AA,23,0,NA,NA,NA,NA,11,10,0,2
2008,I-AA,5,Grambling State,SWAC,21,0,NA,NA,NA,NA,14,6,0,1
2008,I-AA,6,Eastern Illinois,NCAA Division I-AA,21,0,NA,NA,NA,NA,13,8,0,0
2008,I-AA,7,McNeese State,NCAA Division I-AA,19,0,NA,NA,NA,NA,9,10,0,0
2008,I-AA,8,Southern Illinois,NCAA Division I-AA,19,0,NA,NA,NA,NA,10,8,1,0
2008,I-AA,9,South Dakota State,NCAA Division I-AA,19,0,NA,NA,NA,NA,10,8,1,0
2008,I-AA,10,Eastern Kentucky,NCAA Division I-AA,19,0,NA,NA,NA,NA,13,5,1,0
2008,I-AA,11,Youngstown State,NCAA Division I-AA,17,0,NA,NA,NA,NA,8,9,0,0
2008,I-AA,12,Wofford,NCAA Division I-AA,17,0,NA,NA,NA,NA,9,8,0,0
2008,I-AA,13,Villanova,NCAA Division I-AA,16,0,NA,NA,NA,NA,0,0,0,0
2008,I-AA,14,North Dakota State,NCAA Division I-AA,16,0,NA,NA,NA,NA,7,8,1,0
2008,I-AA,15,Cal Poly,NCAA Division I-AA,16,0,NA,NA,NA,NA,14,1,0,1
2008,I-AA,16,Liberty,NCAA Division I-AA,16,0,NA,NA,NA,NA,7,8,1,0
2008,I-AA,17,Massachusetts,Mid-American,16,0,NA,NA,NA,NA,7,9,0,0
2008,I-AA,18,Appalachian State,NCAA Division I-AA,15,0,NA,NA,NA,NA,3,9,1,2
2008,I-AA,19,Elon,NCAA Division I-AA,14,0,NA,NA,NA,NA,8,5,1,0
2008,I-AA,20,New Hampshire,NCAA Division I-AA,14,0,NA,NA,NA,NA,10,4,0,0
2008,I-AA,21,Richmond,NCAA Division I-AA,12,0,NA,NA,NA,NA,7,5,0,0
2008,I-AA,22,James Madison,NCAA Division I-AA,12,0,NA,NA,NA,NA,7,5,0,0
2008,I-AA,23,Delaware,NCAA Division I-AA,5,0,NA,NA,NA,NA,4,1,0,0
2008,I-AA,24,Montana State,NCAA Division I-AA,1,0,NA,NA,NA,NA,0,0,0,0
2008,I-AA,25,Winston-Salem,NCAA Football,1,0,NA,NA,NA,NA,0,1,0,0
2008,I-AA,26,Prairie View A&M,SWAC,1,0,NA,NA,NA,NA,1,0,0,0
2008,I-AA,27,Arkansas-Pine Bluff,SWAC,1,0,NA,NA,NA,NA,0,0,0,1
2008,I-AA,28,Yale,NCAA Division I-AA,1,0,NA,NA,NA,NA,0,1,0,0
2008,I-AA,29,Alabama A&M,SWAC,1,0,NA,NA,NA,NA,1,0,0,0
2008,I-AA,30,Portland State,NCAA Division I-AA,1,0,NA,NA,NA,NA,0,1,0,0
2008,I-AA,31,Maine,NCAA Division I-AA,1,0,NA,NA,NA,NA,1,0,0,0
2008,I-AA,32,Towson,NCAA Division I-AA,1,0,NA,NA,NA,NA,1,0,0,0
2008,I-AA,33,Wagner,NCAA Division I-AA,1,0,NA,NA,NA,NA,1,0,0,0
2008,I-AA,34,Weber State,NCAA Division I-AA,1,0,NA,NA,NA,NA,0,1,0,0
2008,I-AA,35,Gardner-Webb,NCAA Division I-AA,1,0,NA,NA,NA,NA,0,0,1,0
2008,I-AA,36,Hofstra,CAA,1,0,NA,NA,NA,NA,0,1,0,0
2008,I-AA,37,Northeastern,CAA,1,0,NA,NA,NA,NA,1,0,0,0
2008,I-AA,38,Columbia,NCAA Division I-AA,1,0,NA,NA,NA,NA,1,0,0,0
2007,I-A,1,Mississippi State,SEC,35,0,NA,NA,NA,NA,15,19,1,0
2007,I-A,2,Oregon State,Pac-12,35,0,NA,NA,NA,NA,16,19,0,0
2007,I-A,3,Troy,Sun Belt,34,0,NA,NA,NA,NA,16,16,2,0
2007,I-A,4,South Carolina,SEC,32,8,NA,NA,NA,NA,14,18,0,0
2007,I-A,5,Kansas State,Big 12,32,0,NA,NA,NA,NA,17,14,1,0
2007,I-A,6,Tennessee,SEC,31,7,NA,NA,NA,NA,14,17,0,0
2007,I-A,7,Auburn,SEC,30,5,NA,NA,NA,NA,14,14,1,1
2007,I-A,8,Baylor,Big 12,30,0,NA,NA,NA,NA,15,13,2,0
2007,I-A,9,Oregon,Pac-12,29,1,NA,NA,NA,NA,14,14,1,0
2007,I-A,10,UCF,Conference USA,29,1,NA,NA,NA,NA,18,10,1,0
2007,I-A,11,Connecticut,Big East,29,0,NA,NA,NA,NA,15,13,1,0
2007,I-A,12,West Virginia,Big 12,28,1,NA,NA,NA,NA,12,15,0,1
2007,I-A,13,Nebraska,Big Ten,28,0,NA,NA,NA,NA,12,15,1,0
2007,I-A,14,Kentucky,SEC,28,1,NA,NA,NA,NA,14,13,1,0
2007,I-A,15,Colorado,Pac-12,28,2,NA,NA,NA,NA,18,10,0,0
2007,I-A,16,Texas Tech,Big 12,28,0,NA,NA,NA,NA,17,10,1,0
2007,I-A,17,Temple,Big East,28,0,NA,NA,NA,NA,12,16,0,0
2007,I-A,18,Florida,SEC,27,14,NA,NA,NA,NA,11,15,1,0
2007,I-A,19,LSU,SEC,27,7,NA,NA,NA,NA,14,11,2,0
2007,I-A,20,California,Pac-12,27,0,NA,NA,NA,NA,14,12,1,0
2007,I-A,21,Maryland,ACC,27,1,NA,NA,NA,NA,18,8,1,0
2007,I-A,22,Missouri,SEC,27,1,NA,NA,NA,NA,11,15,1,0
2007,I-A,23,Arkansas,SEC,27,0,NA,NA,NA,NA,14,11,1,1
2007,I-A,24,Washington,Pac-12,27,0,NA,NA,NA,NA,13,12,2,0
2007,I-A,25,Houston,Conference USA,27,0,NA,NA,NA,NA,14,12,0,1
2007,I-A,26,Kent State,Mid-American,27,0,NA,NA,NA,NA,11,16,0,0
2007,I-A,27,East Carolina,Conference USA,26,0,NA,NA,NA,NA,16,10,0,0
2007,I-A,28,Louisiana-Monroe,Sun Belt,26,0,NA,NA,NA,NA,9,11,1,5
2007,I-A,29,Marshall,Conference USA,26,0,NA,NA,NA,NA,15,11,0,0
2007,I-A,30,Brigham Young,IA Independents,26,0,NA,NA,NA,NA,18,8,0,0
2007,I-A,31,Washington State,Pac-12,26,0,NA,NA,NA,NA,11,15,0,0
2007,I-A,32,Fresno State,Mountain West,26,0,NA,NA,NA,NA,11,13,1,1
2007,I-A,33,Texas,Big 12,25,12,NA,NA,NA,NA,14,11,0,0
2007,I-A,34,Southern Miss,Conference USA,25,1,NA,NA,NA,NA,11,13,0,1
2007,I-A,35,Mississippi,SEC,25,3,NA,NA,NA,NA,11,13,1,0
2007,I-A,36,South Florida,Big East,25,0,NA,NA,NA,NA,13,12,0,0
2007,I-A,37,Middle Tennessee,Sun Belt,25,0,NA,NA,NA,NA,12,12,0,1
2007,I-A,38,Syracuse,Big East,25,0,NA,NA,NA,NA,10,14,1,0
2007,I-A,39,Utah,Pac-12,25,0,NA,NA,NA,NA,9,16,0,0
2007,I-A,40,UTEP,Conference USA,25,0,NA,NA,NA,NA,11,14,0,0
2007,I-A,41,UAB,Conference USA,25,0,NA,NA,NA,NA,13,11,1,0
2007,I-A,42,Tulsa,Conference USA,25,0,NA,NA,NA,NA,10,15,0,0
2007,I-A,43,Boise State,Mountain West,25,0,NA,NA,NA,NA,14,10,1,0
2007,I-A,44,North Carolina,ACC,24,7,NA,NA,NA,NA,12,10,1,1
2007,I-A,45,Alabama,SEC,24,3,NA,NA,NA,NA,10,14,0,0
2007,I-A,46,Minnesota,Big Ten,24,1,NA,NA,NA,NA,14,9,0,1
2007,I-A,47,Arkansas State,Sun Belt,24,0,NA,NA,NA,NA,15,8,0,1
2007,I-A,48,Virginia Tech,ACC,24,1,NA,NA,NA,NA,15,9,0,0
2007,I-A,49,Virginia,ACC,24,0,NA,NA,NA,NA,15,8,1,0
2007,I-A,50,Pittsburgh,Big East,24,1,NA,NA,NA,NA,13,11,0,0
2007,I-A,51,Colorado State,Mountain West,24,0,NA,NA,NA,NA,8,15,0,1
2007,I-A,52,Oklahoma State,Big 12,24,2,NA,NA,NA,NA,13,11,0,0
2007,I-A,53,Arizona State,Pac-12,24,0,NA,NA,NA,NA,11,13,0,0
2007,I-A,54,Wyoming,Mountain West,24,0,NA,NA,NA,NA,15,9,0,0
2007,I-A,55,Iowa State,Big 12,24,0,NA,NA,NA,NA,13,11,0,0
2007,I-A,56,Utah State,WAC,24,0,NA,NA,NA,NA,10,13,1,0
2007,I-A,57,Eastern Michigan,Mid-American,24,0,NA,NA,NA,NA,14,10,0,0
2007,I-A,58,Ball State,Mid-American,24,0,NA,NA,NA,NA,9,13,1,1
2007,I-A,59,Rice,Conference USA,24,0,NA,NA,NA,NA,12,11,0,1
2007,I-A,60,Hawaii,Mountain West,24,0,NA,NA,NA,NA,13,11,0,0
2007,I-A,61,Georgia,SEC,23,6,NA,NA,NA,NA,13,9,1,0
2007,I-A,62,TCU,Big 12,23,0,NA,NA,NA,NA,8,13,1,1
2007,I-A,63,Clemson,ACC,23,3,NA,NA,NA,NA,9,14,0,0
2007,I-A,64,Miami (OH),Mid-American,23,0,NA,NA,NA,NA,10,13,0,0
2007,I-A,65,North Carolina State,ACC,23,0,NA,NA,NA,NA,13,9,1,0
2007,I-A,66,Kansas,Big 12,23,0,NA,NA,NA,NA,13,9,1,0
2007,I-A,67,Ohio,Mid-American,23,0,NA,NA,NA,NA,15,7,1,0
2007,I-A,68,New Mexico,Mountain West,23,0,NA,NA,NA,NA,14,9,0,0
2007,I-A,69,Memphis,Conference USA,22,0,NA,NA,NA,NA,13,8,1,0
2007,I-A,70,Illinois,Big Ten,22,3,NA,NA,NA,NA,10,12,0,0
2007,I-A,71,Iowa,Big Ten,22,2,NA,NA,NA,NA,11,11,0,0
2007,I-A,72,Michigan State,Big Ten,22,1,NA,NA,NA,NA,14,7,1,0
2007,I-A,73,Southern Methodist,Conference USA,22,1,NA,NA,NA,NA,13,7,0,2
2007,I-A,74,Tulane,Conference USA,22,0,NA,NA,NA,NA,12,9,1,0
2007,I-A,75,San Diego State,Mountain West,22,0,NA,NA,NA,NA,11,11,0,0
2007,I-A,76,Idaho,WAC,22,0,NA,NA,NA,NA,11,11,0,0
2007,I-A,77,Duke,ACC,22,0,NA,NA,NA,NA,12,9,1,0
2007,I-A,78,Cincinnati,Big East,22,0,NA,NA,NA,NA,15,6,0,1
2007,I-A,79,Akron,Mid-American,22,0,NA,NA,NA,NA,10,12,0,0
2007,I-A,80,Penn State,Big Ten,21,3,NA,NA,NA,NA,12,8,1,0
2007,I-A,81,Oklahoma,Big 12,21,1,NA,NA,NA,NA,12,8,1,0
2007,I-A,82,Rutgers,Big East,21,2,NA,NA,NA,NA,8,12,1,0
2007,I-A,83,Louisiana Tech,WAC,21,0,NA,NA,NA,NA,7,14,0,0
2007,I-A,84,Western Michigan,Mid-American,21,0,NA,NA,NA,NA,9,11,1,0
2007,I-A,85,Wake Forest,ACC,21,0,NA,NA,NA,NA,11,10,0,0
2007,I-A,86,New Mexico State,WAC,21,0,NA,NA,NA,NA,10,10,1,0
2007,I-A,87,USC,Pac-12,20,10,NA,NA,NA,NA,11,9,0,0
2007,I-A,88,Miami (FL),ACC,20,6,NA,NA,NA,NA,12,8,0,0
2007,I-A,89,Michigan,Big Ten,20,4,NA,NA,NA,NA,13,7,0,0
2007,I-A,90,Wisconsin,Big Ten,20,2,NA,NA,NA,NA,12,7,1,0
2007,I-A,91,Georgia Tech,ACC,20,3,NA,NA,NA,NA,10,10,0,0
2007,I-A,92,Indiana,Big Ten,20,0,NA,NA,NA,NA,11,9,0,0
2007,I-A,93,North Texas,Sun Belt,20,0,NA,NA,NA,NA,12,8,0,0
2007,I-A,94,UNLV,Mountain West,20,0,NA,NA,NA,NA,7,12,0,1
2007,I-A,95,Buffalo,Mid-American,20,0,NA,NA,NA,NA,11,9,0,0
2007,I-A,96,Florida State,ACC,19,2,NA,NA,NA,NA,11,7,1,0
2007,I-A,97,Texas A&M,SEC,19,3,NA,NA,NA,NA,11,8,0,0
2007,I-A,98,Northwestern,Big Ten,19,0,NA,NA,NA,NA,10,9,0,0
2007,I-A,99,Stanford,Pac-12,19,0,NA,NA,NA,NA,11,7,1,0
2007,I-A,100,Toledo,Mid-American,19,0,NA,NA,NA,NA,14,4,1,0
2007,I-A,101,Purdue,Big Ten,19,0,NA,NA,NA,NA,8,11,0,0
2007,I-A,102,Northern Illinois,Mid-American,19,0,NA,NA,NA,NA,11,8,0,0
2007,I-A,103,Notre Dame,IA Independents,18,10,NA,NA,NA,NA,11,6,1,0
2007,I-A,104,Boston College,ACC,18,0,NA,NA,NA,NA,11,5,1,1
2007,I-A,105,Louisiana-Lafayette,Sun Belt,18,0,NA,NA,NA,NA,9,8,0,1
2007,I-A,106,Bowling Green,Mid-American,18,0,NA,NA,NA,NA,7,8,1,2
2007,I-A,107,Arizona,Pac-12,17,2,NA,NA,NA,NA,7,9,1,0
2007,I-A,108,Nevada,Mountain West,17,0,NA,NA,NA,NA,8,9,0,0
2007,I-A,109,Florida Atlantic,Sun Belt,16,0,NA,NA,NA,NA,11,4,1,0
2007,I-A,110,Central Michigan,Mid-American,16,0,NA,NA,NA,NA,9,7,0,0
2007,I-A,111,Ohio State,Big Ten,15,2,NA,NA,NA,NA,7,8,0,0
2007,I-A,112,Louisville,Big East,15,0,NA,NA,NA,NA,10,5,0,0
2007,I-A,113,Vanderbilt,SEC,15,0,NA,NA,NA,NA,9,6,0,0
2007,I-A,114,Florida International,Sun Belt,14,0,NA,NA,NA,NA,9,5,0,0
2007,I-A,115,San Jose State,WAC,13,0,NA,NA,NA,NA,7,6,0,0
2007,I-A,116,UCLA,Pac-12,11,2,NA,NA,NA,NA,4,7,0,0
2007,I-A,117,Air Force,Mountain West,1,0,NA,NA,NA,NA,1,0,0,0
2007,I-AA,1,Western Kentucky,Sun Belt,5,0,NA,NA,NA,NA,2,3,0,0
2007,I-AA,2,Hampton,NCAA Division I-AA,2,0,NA,NA,NA,NA,1,0,0,1
2007,I-AA,3,Southern Illinois,NCAA Division I-AA,1,0,NA,NA,NA,NA,0,1,0,0
2007,I-AA,4,Jackson State,SWAC,1,0,NA,NA,NA,NA,1,0,0,0
2007,I-AA,5,Harvard,NCAA Division I-AA,1,0,NA,NA,NA,NA,1,0,0,0
2007,I-AA,6,Chattanooga,NCAA Division I-AA,1,0,NA,NA,NA,NA,0,1,0,0
2007,I-AA,7,Eastern Illinois,NCAA Division I-AA,1,0,NA,NA,NA,NA,1,0,0,0
2007,I-AA,8,Liberty,NCAA Division I-AA,1,0,NA,NA,NA,NA,1,0,0,0
2007,I-AA,9,Samford,NCAA Division I-AA,1,0,NA,NA,NA,NA,0,1,0,0
2007,I-AA,10,Appalachian State,NCAA Division I-AA,1,0,NA,NA,NA,NA,0,1,0,0
2007,I-AA,11,Georgia Southern,NCAA Division I-AA,1,0,NA,NA,NA,NA,1,0,0,0
2007,I-AA,12,Stephen F. Austin,NCAA Division I-AA,1,0,NA,NA,NA,NA,1,0,0,0
2007,I-AA,13,McNeese State,NCAA Division I-AA,1,0,NA,NA,NA,NA,1,0,0,0
2007,I-AA,14,South Carolina State,NCAA Division I-AA,1,0,NA,NA,NA,NA,1,0,0,0
2007,I-AA,15,Jacksonville State,NCAA Division I-AA,1,0,NA,NA,NA,NA,1,0,0,0
2006,I-A,1,Kansas State,Big 12,37,1,NA,NA,NA,NA,17,20,0,0
2006,I-A,2,Texas Tech,Big 12,35,0,NA,NA,NA,NA,16,19,0,0
2006,I-A,3,Florida State,ACC,34,7,NA,NA,NA,NA,16,18,0,0
2006,I-A,4,Mississippi,SEC,33,3,NA,NA,NA,NA,24,9,0,0
2006,I-A,5,Kentucky,SEC,33,1,NA,NA,NA,NA,18,14,1,0
2006,I-A,6,Oregon State,Pac-12,33,0,NA,NA,NA,NA,18,14,1,0
2006,I-A,7,Iowa State,Big 12,32,0,NA,NA,NA,NA,16,16,0,0
2006,I-A,8,Illinois,Big Ten,30,3,NA,NA,NA,NA,15,14,1,0
2006,I-A,9,Purdue,Big Ten,30,0,NA,NA,NA,NA,12,16,2,0
2006,I-A,10,Louisville,Big East,30,2,NA,NA,NA,NA,17,12,1,0
2006,I-A,11,South Florida,Big East,30,0,NA,NA,NA,NA,12,17,1,0
2006,I-A,12,Oklahoma State,Big 12,29,2,NA,NA,NA,NA,13,16,0,0
2006,I-A,13,North Carolina,ACC,29,1,NA,NA,NA,NA,17,12,0,0
2006,I-A,14,Louisiana Tech,WAC,29,0,NA,NA,NA,NA,12,17,0,0
2006,I-A,15,Troy,Sun Belt,29,0,NA,NA,NA,NA,11,17,1,0
2006,I-A,16,Notre Dame,IA Independents,28,10,NA,NA,NA,NA,17,10,1,0
2006,I-A,17,Georgia,SEC,28,12,NA,NA,NA,NA,16,12,0,0
2006,I-A,18,Nevada,Mountain West,28,0,NA,NA,NA,NA,15,13,0,0
2006,I-A,19,Baylor,Big 12,28,0,NA,NA,NA,NA,16,12,0,0
2006,I-A,20,Akron,Mid-American,28,0,NA,NA,NA,NA,13,14,1,0
2006,I-A,21,Florida,SEC,27,14,NA,NA,NA,NA,13,14,0,0
2006,I-A,22,Oklahoma,Big 12,27,6,NA,NA,NA,NA,15,12,0,0
2006,I-A,23,LSU,SEC,27,6,NA,NA,NA,NA,14,13,0,0
2006,I-A,24,Alabama,SEC,27,2,NA,NA,NA,NA,14,13,0,0
2006,I-A,25,Pittsburgh,Big East,27,2,NA,NA,NA,NA,9,17,1,0
2006,I-A,26,Utah,Pac-12,27,0,NA,NA,NA,NA,14,13,0,0
2006,I-A,27,Mississippi State,SEC,27,2,NA,NA,NA,NA,15,12,0,0
2006,I-A,28,Rutgers,Big East,27,0,NA,NA,NA,NA,14,13,0,0
2006,I-A,29,UTEP,Conference USA,27,0,NA,NA,NA,NA,20,5,2,0
2006,I-A,30,Duke,ACC,27,0,NA,NA,NA,NA,14,12,1,0
2006,I-A,31,Washington State,Pac-12,27,0,NA,NA,NA,NA,18,9,0,0
2006,I-A,32,San Jose State,WAC,27,0,NA,NA,NA,NA,15,12,0,0
2006,I-A,33,UNLV,Mountain West,27,0,NA,NA,NA,NA,12,15,0,0
2006,I-A,34,Hawaii,Mountain West,27,0,NA,NA,NA,NA,9,18,0,0
2006,I-A,35,USC,Pac-12,26,13,NA,NA,NA,NA,14,11,1,0
2006,I-A,36,Marshall,Conference USA,26,0,NA,NA,NA,NA,15,10,1,0
2006,I-A,37,New Mexico,Mountain West,26,0,NA,NA,NA,NA,14,11,1,0
2006,I-A,38,Arkansas,SEC,26,3,NA,NA,NA,NA,14,12,0,0
2006,I-A,39,Brigham Young,IA Independents,26,0,NA,NA,NA,NA,12,13,1,0
2006,I-A,40,Tulane,Conference USA,26,0,NA,NA,NA,NA,11,14,1,0
2006,I-A,41,Temple,Big East,26,0,NA,NA,NA,NA,14,12,0,0
2006,I-A,42,Toledo,Mid-American,26,0,NA,NA,NA,NA,14,11,1,0
2006,I-A,43,Texas,Big 12,25,8,NA,NA,NA,NA,14,10,1,0
2006,I-A,44,Texas A&M,SEC,25,1,NA,NA,NA,NA,13,12,0,0
2006,I-A,45,Auburn,SEC,25,4,NA,NA,NA,NA,12,12,1,0
2006,I-A,46,Michigan State,Big Ten,25,0,NA,NA,NA,NA,9,15,1,0
2006,I-A,47,Arizona State,Pac-12,25,0,NA,NA,NA,NA,9,15,1,0
2006,I-A,48,Arizona,Pac-12,25,2,NA,NA,NA,NA,12,13,0,0
2006,I-A,49,Missouri,SEC,25,0,NA,NA,NA,NA,10,15,0,0
2006,I-A,50,South Carolina,SEC,25,1,NA,NA,NA,NA,14,11,0,0
2006,I-A,51,East Carolina,Conference USA,25,0,NA,NA,NA,NA,15,10,0,0
2006,I-A,52,Nebraska,Big Ten,25,1,NA,NA,NA,NA,12,13,0,0
2006,I-A,53,Kansas,Big 12,25,0,NA,NA,NA,NA,13,12,0,0
2006,I-A,54,Central Michigan,Mid-American,25,0,NA,NA,NA,NA,12,12,1,0
2006,I-A,55,Vanderbilt,SEC,25,1,NA,NA,NA,NA,17,7,1,0
2006,I-A,56,Houston,Conference USA,25,0,NA,NA,NA,NA,12,13,0,0
2006,I-A,57,Colorado State,Mountain West,25,0,NA,NA,NA,NA,14,11,0,0
2006,I-A,58,Penn State,Big Ten,24,6,NA,NA,NA,NA,12,12,0,0
2006,I-A,59,Connecticut,Big East,24,0,NA,NA,NA,NA,12,11,1,0
2006,I-A,60,Oregon,Pac-12,24,0,NA,NA,NA,NA,13,11,0,0
2006,I-A,61,Virginia,ACC,24,0,NA,NA,NA,NA,12,12,0,0
2006,I-A,62,Southern Miss,Conference USA,24,0,NA,NA,NA,NA,13,11,0,0
2006,I-A,63,Wyoming,Mountain West,24,0,NA,NA,NA,NA,15,7,2,0
2006,I-A,64,Utah State,WAC,24,0,NA,NA,NA,NA,10,14,0,0
2006,I-A,65,Tennessee,SEC,23,1,NA,NA,NA,NA,10,11,2,0
2006,I-A,66,Ball State,Mid-American,23,0,NA,NA,NA,NA,9,14,0,0
2006,I-A,67,Florida Atlantic,Sun Belt,23,0,NA,NA,NA,NA,12,11,0,0
2006,I-A,68,Florida International,Sun Belt,23,0,NA,NA,NA,NA,13,9,1,0
2006,I-A,69,Tulsa,Conference USA,23,0,NA,NA,NA,NA,15,8,0,0
2006,I-A,70,Wisconsin,Big Ten,23,2,NA,NA,NA,NA,15,8,0,0
2006,I-A,71,UAB,Conference USA,23,0,NA,NA,NA,NA,15,8,0,0
2006,I-A,72,Colorado,Pac-12,23,0,NA,NA,NA,NA,12,10,0,1
2006,I-A,73,Arkansas State,Sun Belt,23,0,NA,NA,NA,NA,7,15,1,0
2006,I-A,74,Louisiana-Monroe,Sun Belt,23,0,NA,NA,NA,NA,14,8,1,0
2006,I-A,75,Maryland,ACC,22,3,NA,NA,NA,NA,13,9,0,0
2006,I-A,76,Washington,Pac-12,22,1,NA,NA,NA,NA,10,12,0,0
2006,I-A,77,UCLA,Pac-12,22,1,NA,NA,NA,NA,15,6,1,0
2006,I-A,78,Syracuse,Big East,22,1,NA,NA,NA,NA,15,7,0,0
2006,I-A,79,UCF,Conference USA,22,0,NA,NA,NA,NA,13,9,0,0
2006,I-A,80,Idaho,WAC,22,0,NA,NA,NA,NA,7,14,1,0
2006,I-A,81,Miami (OH),Mid-American,22,0,NA,NA,NA,NA,8,13,1,0
2006,I-A,82,Miami (FL),ACC,21,4,NA,NA,NA,NA,12,8,1,0
2006,I-A,83,North Carolina State,ACC,21,0,NA,NA,NA,NA,11,8,2,0
2006,I-A,84,Iowa,Big Ten,21,1,NA,NA,NA,NA,11,9,1,0
2006,I-A,85,Virginia Tech,ACC,21,1,NA,NA,NA,NA,9,12,0,0
2006,I-A,86,California,Pac-12,21,2,NA,NA,NA,NA,10,10,1,0
2006,I-A,87,Cincinnati,Big East,21,0,NA,NA,NA,NA,10,11,0,0
2006,I-A,88,Indiana,Big Ten,21,0,NA,NA,NA,NA,13,8,0,0
2006,I-A,89,Western Michigan,Mid-American,21,0,NA,NA,NA,NA,17,4,0,0
2006,I-A,90,Louisiana-Lafayette,Sun Belt,21,0,NA,NA,NA,NA,10,10,1,0
2006,I-A,91,Ohio State,Big Ten,20,7,NA,NA,NA,NA,8,12,0,0
2006,I-A,92,Clemson,ACC,20,5,NA,NA,NA,NA,9,10,1,0
2006,I-A,93,Michigan,Big Ten,20,6,NA,NA,NA,NA,8,11,1,0
2006,I-A,94,Boston College,ACC,20,0,NA,NA,NA,NA,11,9,0,0
2006,I-A,95,San Diego State,Mountain West,20,0,NA,NA,NA,NA,8,12,0,0
2006,I-A,96,Ohio,Mid-American,20,0,NA,NA,NA,NA,11,9,0,0
2006,I-A,97,Buffalo,Mid-American,20,0,NA,NA,NA,NA,8,11,1,0
2006,I-A,98,Minnesota,Big Ten,19,0,NA,NA,NA,NA,10,8,1,0
2006,I-A,99,Eastern Michigan,Mid-American,19,0,NA,NA,NA,NA,10,9,0,0
2006,I-A,100,Boise State,Mountain West,19,0,NA,NA,NA,NA,9,9,1,0
2006,I-A,101,North Texas,Sun Belt,19,0,NA,NA,NA,NA,6,13,0,0
2006,I-A,102,TCU,Big 12,18,0,NA,NA,NA,NA,12,6,0,0
2006,I-A,103,Southern Methodist,Conference USA,18,0,NA,NA,NA,NA,7,10,1,0
2006,I-A,104,Bowling Green,Mid-American,18,0,NA,NA,NA,NA,9,7,2,0
2006,I-A,105,New Mexico State,WAC,18,0,NA,NA,NA,NA,10,8,0,0
2006,I-A,106,Northwestern,Big Ten,17,0,NA,NA,NA,NA,10,6,1,0
2006,I-A,107,Stanford,Pac-12,17,0,NA,NA,NA,NA,10,7,0,0
2006,I-A,108,Memphis,Conference USA,17,0,NA,NA,NA,NA,6,10,1,0
2006,I-A,109,Fresno State,Mountain West,17,0,NA,NA,NA,NA,6,10,1,0
2006,I-A,110,Northern Illinois,Mid-American,17,0,NA,NA,NA,NA,12,5,0,0
2006,I-A,111,West Virginia,Big 12,16,0,NA,NA,NA,NA,7,9,0,0
2006,I-A,112,Wake Forest,ACC,16,1,NA,NA,NA,NA,8,7,1,0
2006,I-A,113,Kent State,Mid-American,16,0,NA,NA,NA,NA,10,5,1,0
2006,I-A,114,Georgia Tech,ACC,15,0,NA,NA,NA,NA,8,7,0,0
2006,I-A,115,Rice,Conference USA,14,0,NA,NA,NA,NA,10,4,0,0
2006,I-A,116,Middle Tennessee,Sun Belt,13,0,NA,NA,NA,NA,6,6,1,0
2006,I-A,117,Air Force,Mountain West,2,0,NA,NA,NA,NA,1,1,0,0
2006,I-A,118,Army,IA Independents,1,0,NA,NA,NA,NA,1,0,0,0
2006,I-AA,1,Wofford,NCAA Division I-AA,1,0,NA,NA,NA,NA,1,0,0,0
2006,I-AA,2,Princeton,NCAA Division I-AA,1,0,NA,NA,NA,NA,0,1,0,0
2006,I-AA,3,Grambling State,SWAC,1,0,NA,NA,NA,NA,1,0,0,0
2006,I-AA,4,Weber State,NCAA Division I-AA,1,0,NA,NA,NA,NA,0,0,1,0
2006,I-AA,5,Montana,NCAA Division I-AA,1,0,NA,NA,NA,NA,1,0,0,0
