Year,player,school,trophy,class,pos
2012,Colby Cameron,Louisiana Tech,Sammy Baugh Trophy,,
2011,Case Keenum,Houston,Sammy Baugh Trophy,,
2010,Landry Jones,Oklahoma,Sammy Baugh Trophy,,
2009,Case Keenum,Houston,Sammy Baugh Trophy,,
2008,Sam Bradford,Oklahoma,Sammy Baugh Trophy,,
2007,Graham Harrell,Texas Tech,Sammy Baugh Trophy,,
2006,Colt Brennan,Hawaii,Sammy Baugh Trophy,,
2005,Brady Quinn,Notre Dame,Sammy Baugh Trophy,,
2004,Stefan LeFors,Louisville,Sammy Baugh Trophy,,
2003,BJ Symons,Texas Tech,Sammy Baugh Trophy,,
2002,Kliff Kingsbury,Texas Tech,Sammy Baugh Trophy,,
2001,David Carr,Fresno State,Sammy Baugh Trophy,,
2000,Chris Weinke,Florida State,Sammy Baugh Trophy,,
1999,Chad Pennington,Marshall,Sammy Baugh Trophy,,
1998,Duante Culpepper,Central Florida,Sammy Baugh Trophy,,
1997,Ryan Leaf,Washington State,Sammy Baugh Trophy,,
1996,Steve Sarkisian,Brigham Young,Sammy Baugh Trophy,,
1995,Danny Wuerffel,Florida,Sammy Baugh Trophy,,
1994,Kerry Collins,Penn State,Sammy Baugh Trophy,,
1993,Trent Dilfer,Fresno State,Sammy Baugh Trophy,,
1992,Elvis Grbac,Michigan,Sammy Baugh Trophy,,
1991,Ty Detmer,Brigham Young,Sammy Baugh Trophy,,
1990,David Klingler,Houston,Sammy Baugh Trophy,,
1989,Jeff George,Illinois,Sammy Baugh Trophy,,
1988,Steve Walsh,Miami,Sammy Baugh Trophy,,
1987,Don McPherson,Syracuse,Sammy Baugh Trophy,,
1986,Vinny Testaverde,Miami,Sammy Baugh Trophy,,
1985,Brian McClure,Bowling Green,Sammy Baugh Trophy,,
1984,Robbie Bosco,Brigham Young,Sammy Baugh Trophy,,
1983,Steve Young,Brigham Young,Sammy Baugh Trophy,,
1982,John Elway,Stanford,Sammy Baugh Trophy,,
1981,Jim McMahon,Brigham Young,Sammy Baugh Trophy,,
1980,Marc Herrmann,Purdue,Sammy Baugh Trophy,,
1979,Marc Wilson,Brigham Young,Sammy Baugh Trophy,,
1978,Steve Dils,Stanford,Sammy Baugh Trophy,,
1977,Guy Benjamin,Stanford,Sammy Baugh Trophy,,
1976,Tommy Kramer,Rice,Sammy Baugh Trophy,,
1975,Gene Swick,Toledo,Sammy Baugh Trophy,,
1974,Gary Scheide,Brigham Young,Sammy Baugh Trophy,,
1973,Jessee Freitas,San Diego State,Sammy Baugh Trophy,,
1972,Don Strock,Virginia Tech,Sammy Baugh Trophy,,
1971,John Reaves,Florida,Sammy Baugh Trophy,,
1970,Pat Sullivan,Auburn,Sammy Baugh Trophy,,
1969,Mike Phipps,Purdue,Sammy Baugh Trophy,,
1968,Chuck Hickson,Southern Methodist,Sammy Baugh Trophy,,
1967,Terry Hanratty,Notre Dame,Sammy Baugh Trophy,,
1966,Bob Greise,Purdue,Sammy Baugh Trophy,,
1965,Steve Sloan,Alabama,Sammy Baugh Trophy,,
1964,Jerry Rhome,Tulsa,Sammy Baugh Trophy,,
1963,Don Trull,Baylor,Sammy Baugh Trophy,,
1962,Don Trull,Baylor,Sammy Baugh Trophy,,
1961,Ron Miller,Wisconsin,Sammy Baugh Trophy,,
1960,Hayseed Stephens,Hardin Simmons,Sammy Baugh Trophy,,
1959,Dick Norman,Stanford,Sammy Baugh Trophy,,
2012,Manti Te'o,Notre Dame,Chuck Bednarik Award,,
2011,Tyrann Mathieu,LSU,Chuck Bednarik Award,,
2010,Patrick Peterson,LSU,Chuck Bednarik Award,,
2009,Ndamukong Suh,Nebraska,Chuck Bednarik Award,,
2008,Ray Maualuga,Southern California,Chuck Bednarik Award,,
2007,Dan Connor,Penn State,Chuck Bednarik Award,,
2006,Paul Posluszny,Penn State,Chuck Bednarik Award,,
2005,Paul Posluszny,Penn State,Chuck Bednarik Award,,
2004,David Pollack,Georgia,Chuck Bednarik Award,,
2003,Teddy Lehman,Oklahoma,Chuck Bednarik Award,,
2002,E.J. Henderson,Maryland,Chuck Bednarik Award,,
2001,Julius Peppers,North Carolina,Chuck Bednarik Award,,
2000,Dan Morgan,Miami,Chuck Bednarik Award,,
1999,LaVar Arrington,Penn State,Chuck Bednarik Award,,
1998,Dat Nguyen,Texas A&M,Chuck Bednarik Award,,
1997,Charles Woodson,Michigan,Chuck Bednarik Award,,
1996,Pat Fitzgerald,Northwestern,Chuck Bednarik Award,,
1995,Pat Fitzgerald,Northwestern,Chuck Bednarik Award,,
1994,Warren Sapp,Miami,Chuck Bednarik Award,,
1993,Rob Waldrop,Arizona,Chuck Bednarik Award,,
2012,Marqise Lee,Southern California,Fred Biletnikoff Award,,
2011,Justin Blacmon,Oklahoma State,Fred Biletnikoff Award,,
2010,Justin Blacmon,Oklahoma State,Fred Biletnikoff Award,,
2009,Golden Tate,Notre Dame,Fred Biletnikoff Award,,
2008,Michael Crabtree,Texas Tech,Fred Biletnikoff Award,,
2007,Michael Crabtree,Texas Tech,Fred Biletnikoff Award,,
2006,Calvin Johnson,Georgia Tech,Fred Biletnikoff Award,,
2005,Mike Hass,Oregon State,Fred Biletnikoff Award,,
2004,Braylon Edwards,Michigan,Fred Biletnikoff Award,,
2003,Larry Fitzgerald,Pittsburgh,Fred Biletnikoff Award,,
2002,Charles Rogers,Michigan State,Fred Biletnikoff Award,,
2001,Josh Reed,LSU,Fred Biletnikoff Award,,
2000,Antonio Bryant,Pittsburgh,Fred Biletnikoff Award,,
1999,Troy Walters,Stanford,Fred Biletnikoff Award,,
1998,Troy Edwards,Louisiana Tech,Fred Biletnikoff Award,,
1997,Randy Moss,Marshall,Fred Biletnikoff Award,,
1996,Marcus Harris,Wyoming,Fred Biletnikoff Award,,
1995,Terry Glenn,Ohio State,Fred Biletnikoff Award,,
1994,Bobby Engram,Penn State,Fred Biletnikoff Award,,
2012,Manti Te'o,Notre Dame,Butkus Award,,
2011,Luke Kuechly,Boston College,Butkus Award,,
2010,Von Miller,Texas A&M,Butkus Award,,
2009,Rolando McClain,Alabama,Butkus Award,,
2008,Aaron Curry,Wake Forest,Butkus Award,,
2007,James Laurinaitis,Ohio State,Butkus Award,,
2006,Patrick Willis,Mississippi,Butkus Award,,
2005,Paul Posluszny,Penn State,Butkus Award,,
2004,Derrick Johnson,Texas,Butkus Award,,
2003,Teddy Lehman,Oklahoma,Butkus Award,,
2002,E.J. Henderson,Maryland,Butkus Award,,
2001,Rocky Calmus,Oklahoma,Butkus Award,,
2000,Dan Morgan,Miami,Butkus Award,,
1999,LaVar Arrington,Penn State,Butkus Award,,
1998,Chris Claiborne,Southern California,Butkus Award,,
1997,Andy Katzenmoyer,Ohio State,Butkus Award,,
1996,Matt Russell,Colorado,Butkus Award,,
1995,Kevin Hardy,Illinois,Butkus Award,,
1994,Dana Howard,Illinois,Butkus Award,,
1993,Trev Alberts,Nebraska,Butkus Award,,
1992,Marvin Jones,Florida State,Butkus Award,,
1991,Erick Anderson,Michigan,Butkus Award,,
1990,Alfred William,Colorado,Butkus Award,,
1989,Percy Snow,Michigan State,Butkus Award,,
1988,Derrick Thomas,Alabama,Butkus Award,,
1987,Paul McGowan,Florida State,Butkus Award,,
1986,Brian Bosworth,Oklahoma,Butkus Award,,
1985,Brian Bosworth,Oklahoma,Butkus Award,,
2012,Manti Te'o,Notre Dame,Walter Camp Player of the Year,,
2011,Andrew Luck,Stanford,Walter Camp Player of the Year,,
2010,Cam Newton,Auburn,Walter Camp Player of the Year,,
2009,Colt McCoy,Texas,Walter Camp Player of the Year,,
2008,Colt McCoy,Texas,Walter Camp Player of the Year,,
2007,Darren McFadden,Arkansas,Walter Camp Player of the Year,,
2006,Troy Smith,Ohio State,Walter Camp Player of the Year,,
2005,Reggie Bush,Southern California,Walter Camp Player of the Year,,
2004,Matt Leinart,Southern California,Walter Camp Player of the Year,,
2003,Larry Fitzgerald,Pittsburgh,Walter Camp Player of the Year,,
2002,Larry Johnson,Penn State,Walter Camp Player of the Year,,
2001,Eric Crouch,Nebraska,Walter Camp Player of the Year,,
2000,Josh Heupel,Oklahoma,Walter Camp Player of the Year,,
1999,Ron Dayne,Wisconsin,Walter Camp Player of the Year,,
1998,Ricky Williams,Texas,Walter Camp Player of the Year,,
1997,Charles Woodson,Michigan,Walter Camp Player of the Year,,
1996,Danny Wuerfflel,Florida,Walter Camp Player of the Year,,
1995,Eddie George,Ohio State,Walter Camp Player of the Year,,
1994,Rashaan Salaam,Colorado,Walter Camp Player of the Year,,
1993,Charie Ward,Florida State,Walter Camp Player of the Year,,
1992,Gino Torretta,Miami,Walter Camp Player of the Year,,
1991,Desmond Howard,Michigan,Walter Camp Player of the Year,,
1990,Raghib Ismail,Notre Dame,Walter Camp Player of the Year,,
1989,Anthony Thompson,Indiana,Walter Camp Player of the Year,,
1988,Barry Sanders,Oklahoma State,Walter Camp Player of the Year,,
1987,Tim Brown,Notre Dame,Walter Camp Player of the Year,,
1986,Vinny Testaverde,Miami,Walter Camp Player of the Year,,
1985,Bo Jackson,Auburn,Walter Camp Player of the Year,,
1984,Doug Flutie,Boston College,Walter Camp Player of the Year,,
1983,Mike Rozier,Nebraska,Walter Camp Player of the Year,,
1982,Herschel Walker,Georgia,Walter Camp Player of the Year,,
1981,Marcus Allen,Southern California,Walter Camp Player of the Year,,
1980,Hugh Green,Pittsburgh,Walter Camp Player of the Year,,
1979,Charles White,Southern California,Walter Camp Player of the Year,,
1978,Billy Sims,Oklahoma,Walter Camp Player of the Year,,
1977,Ken MacAffe,Notre Dame,Walter Camp Player of the Year,,
1976,Tony Dorsett,Pittsburgh,Walter Camp Player of the Year,,
1975,Archie Griffin,Ohio State,Walter Camp Player of the Year,,
1974,Archie Griffin,Ohio State,Walter Camp Player of the Year,,
1973,John Cappelletti,Penn State,Walter Camp Player of the Year,,
1972,Johnny Rogers,Nebraska,Walter Camp Player of the Year,,
1971,Pat Sullivan,Auburn,Walter Camp Player of the Year,,
1970,Jim Plunkett,Stanford,Walter Camp Player of the Year,,
1969,Steve Owens,Oklahoma,Walter Camp Player of the Year,,
1968,O.J. Simpson,Southern California,Walter Camp Player of the Year,,
1967,O.J. Simpson,Southern California,Walter Camp Player of the Year,,
2012,Cairo Santos,Tulane,Lou Groza Award,,
2011,Randy Bullock,Texas A&M,Lou Groza Award,,
2010,Dan Bailey,Oklahoma State,Lou Groza Award,,
2009,Kai Forbath,UCLA,Lou Groza Award,,
2008,Graham Gano,Florida State,Lou Groza Award,,
2007,Thomas Weber,Arizona State,Lou Groza Award,,
2006,Art Carmody,Louisville,Lou Groza Award,,
2005,Alexis Serna,Oregon State,Lou Groza Award,,
2004,Mike Nugent,Ohio State,Lou Groza Award,,
2003,Jonathan Nichols,Mississippi,Lou Groza Award,,
2002,Nate Kaeding,Iowa,Lou Groza Award,,
2001,Seth Marler,Tulane,Lou Groza Award,,
2000,Jonathan Ruffin,Cincinnati,Lou Groza Award,,
1999,Sebastian Janikowski,Florida State,Lou Groza Award,,
1998,Sebastian Janikowski,Florida State,Lou Groza Award,,
1997,Martin Gramatica,Kansas State,Lou Groza Award,,
1996,Marc Primanti,North Carolina State,Lou Groza Award,,
1995,Michael Reeder,Texas Christian,Lou Groza Award,,
1994,Steve McLaughlin,Arizona,Lou Groza Award,,
1993,Judd Davis,Florida,Lou Groza Award,,
1992,Joe Allison,Memphis,Lou Groza Award,,
2012,Ryan Allen,Louisiana Tech,Ray Guy Award,,
2011,Ryan Allen,Louisiana Tech,Ray Guy Award,,
2010,Chas Henry,Florida,Ray Guy Award,,
2009,Drew Butler,Georgia,Ray Guy Award,,
2008,Matt Fodge,Oklahoma State,Ray Guy Award,,
2007,Durant Brooks,Georgia Tech,Ray Guy Award,,
2006,Daniel Sepulveda,Baylor,Ray Guy Award,,
2005,Ryan Plackemeier,Wake Forest,Ray Guy Award,,
2004,Daniel Sepulveda,Baylor,Ray Guy Award,,
2003,B.J. Sander,Ohio State,Ray Guy Award,,
2002,Mark Mariscal,Colorado,Ray Guy Award,,
2001,Travis Dorsch,Purdue,Ray Guy Award,,
2000,Kevin Stemke,Wisconsin,Ray Guy Award,,
2012,Johnny Manziel,Texas A&M,Heisman Memorial Trophy,Fr.,QB
2011,Robert Griffin III,Baylor,Heisman Memorial Trophy,Sr.,QB
2010,Cam Newton,Auburn,Heisman Memorial Trophy,Jr.,QB
2009,Mark Ingram,Alabama,Heisman Memorial Trophy,Soph,RB
2008,Sam Bradford,Oklahoma,Heisman Memorial Trophy,Soph,QB
2007,Tim Tebow,Florida,Heisman Memorial Trophy,Soph,QB
2006,Troy Smith,Ohio State,Heisman Memorial Trophy,Sr.,QB
2005,Reggie Bush,Southern California,Heisman Memorial Trophy,Jr.,RB
2004,Matt Leinart,Southern California,Heisman Memorial Trophy,Jr.,QB
2003,Jason White,Oklahoma,Heisman Memorial Trophy,Sr.,QB
2002,Carson Palmer,Southern California,Heisman Memorial Trophy,Sr.,QB
2001,Eric Crouch,Nebraska,Heisman Memorial Trophy,Sr.,QB
2000,Chris Weinke,Florida State,Heisman Memorial Trophy,Sr.,QB
1999,Ron Dayne,Wisconsin,Heisman Memorial Trophy,Sr.,RB
1998,Ricky Williams,Texas,Heisman Memorial Trophy,Sr.,RB
1997,Charles Woodson,Michigan,Heisman Memorial Trophy,Jr.,CB
1996,Danny Wuerffel,Florida,Heisman Memorial Trophy,Sr.,QB
1995,Eddie George,Ohio State,Heisman Memorial Trophy,Sr.,RB
1994,Rashaan Salaam,Colorado,Heisman Memorial Trophy,Jr.,RB
1993,Charlie Ward,Florida State,Heisman Memorial Trophy,Sr.,QB
1992,Gino Torretta,Miami,Heisman Memorial Trophy,Sr.,QB
1991,Desmond Howard,Michigan,Heisman Memorial Trophy,Jr.,WR
1990,Ty Detmer,Brigham Young,Heisman Memorial Trophy,Jr.,QB
1989,Andre Ware,Houston,Heisman Memorial Trophy,Jr.,QB
1988,Barry Sanders,Oklahoma State,Heisman Memorial Trophy,Jr.,RB
1987,Tim Brown,Notre Dame,Heisman Memorial Trophy,Sr.,WR
1986,Vinny Testaverde,Miami,Heisman Memorial Trophy,Sr.,QB
1985,Bo Jackson,Auburn,Heisman Memorial Trophy,Sr.,HB
1984,Doug Flutie,Boston College,Heisman Memorial Trophy,Sr.,QB
1983,Mike Rozier,Nebraska,Heisman Memorial Trophy,Sr.,RB
1982,Hershel Walker,Georgia,Heisman Memorial Trophy,Jr.,RB
1981,Marcus Allen,Southern California,Heisman Memorial Trophy,Sr.,RB
1980,George Rogers,South Carolina,Heisman Memorial Trophy,Sr.,HB
1979,Charles White,Southern California,Heisman Memorial Trophy,Sr.,RB
1978,Billy Sims,Oklahoma,Heisman Memorial Trophy,Jr.,HB
1977,Earl Campbell,Texas,Heisman Memorial Trophy,Sr.,FB
1976,Tony Dorsett,Pittsburgh,Heisman Memorial Trophy,Sr.,RB
1975,Archie Griffin,Ohio State,Heisman Memorial Trophy,Sr.,RB
1974,Archie Griffin,Ohio State,Heisman Memorial Trophy,Jr.,RB
1973,John Cappelletti,Penn State,Heisman Memorial Trophy,Sr.,RB
1972,Johnny Rodgers,Nebraska,Heisman Memorial Trophy,Sr.,FL
1971,Pat Sullivan,Auburn,Heisman Memorial Trophy,Sr.,QB
1970,Jim Plunkett,Stanford,Heisman Memorial Trophy,Sr.,QB
1969,Steve Owens,Oklahoma,Heisman Memorial Trophy,Sr.,FB
1968,O. J. Simpson,Southern California,Heisman Memorial Trophy,Sr.,RB
1967,Gary Beban,UCLA,Heisman Memorial Trophy,Sr.,QB
1966,Steve Spurrier,Florida,Heisman Memorial Trophy,Sr.,QB
1965,Mike Garrett,Southern California,Heisman Memorial Trophy,Sr.,HB
1964,John Huarte,Notre Dame,Heisman Memorial Trophy,Sr.,QB
1963,Roger Staubach,Navy,Heisman Memorial Trophy,Jr.,QB
1962,Terry Baker,Oregon State,Heisman Memorial Trophy,Sr.,QB
1961,Ernie Davis,Syracuse,Heisman Memorial Trophy,Sr.,HB
1960,Joe Bellino,Navy,Heisman Memorial Trophy,Sr.,HB
1959,Billy Cannon,LSU,Heisman Memorial Trophy,Sr.,HB
1958,Pete Dawkins,Army,Heisman Memorial Trophy,Sr.,HB
1957,John David Crow,Texas A&M,Heisman Memorial Trophy,Sr.,HB
1956,Paul Hornung,Notre Dame,Heisman Memorial Trophy,Sr.,QB
1955,Howard Cassady,Ohio State,Heisman Memorial Trophy,Sr.,HB
1954,Alan Ameche,Wisconsin,Heisman Memorial Trophy,Sr.,FB
1953,John Lattner,Notre Dame,Heisman Memorial Trophy,Sr.,HB
1952,Billy Vessels,Oklahoma,Heisman Memorial Trophy,Sr.,HB
1951,Dick Kazmaier,Princeton,Heisman Memorial Trophy,Sr.,HB
1950,Vic Janowicz,Ohio State,Heisman Memorial Trophy,Jr.,HB
1949,Leon Hart,Notre Dame,Heisman Memorial Trophy,Sr.,E
1948,Doak Walker,Southern Methodist,Heisman Memorial Trophy,Jr.,HB
1947,John Lujack,Notre Dame,Heisman Memorial Trophy,Sr.,QB
1946,Glenn Davis,Army,Heisman Memorial Trophy,Sr.,HB
1945,Doc Blanchard,Army,Heisman Memorial Trophy,Jr.,FB
1944,Les Horvath,Ohio State,Heisman Memorial Trophy,Sr.,QB
1943,Angelo Bartelli,Notre Dame,Heisman Memorial Trophy,Sr.,QB
1942,Frank Sinkwich,Georgia,Heisman Memorial Trophy,Sr.,HB
1941,Bruce Smith,Minnesota,Heisman Memorial Trophy,Sr.,HB
1940,Tom Harmon,Michigan,Heisman Memorial Trophy,Sr.,HB
1939,Nile Kinnick,Iowa,Heisman Memorial Trophy,Sr.,HB
1938,Davey O'Brien,Texas Christian,Heisman Memorial Trophy,Sr.,QB
1937,Clint Frank,Yale,Heisman Memorial Trophy,Sr.,HB
1936,Larry Kelley,Yale,Heisman Memorial Trophy,Sr.,E
1935,Jay Berwanger,Chicago,Heisman Memorial Trophy,Sr.,HB
2012,Jadeveon Clowney,South Carolina,Ted Hendricks Award,,
2011,Whitney Mercilus,Illinois,Ted Hendricks Award,,
2010,Da'Quan Bowers,Clemson,Ted Hendricks Award,,
2009,Jerry Hughes,TCU,Ted Hendricks Award,,
2008,Brian Orakpo,Texas,Ted Hendricks Award,,
2007,Chris Long,Virginia,Ted Hendricks Award,,
2006,LaMarr Woodley,Michigan,Ted Hendricks Award,,
2005,Elvis Dumervil,Louisville,Ted Hendricks Award,,
2004,David Pollack,Georgia,Ted Hendricks Award,,
2003,David Pollack,Georgia,Ted Hendricks Award,,
2002,Terrell Suggs,Arizona State,Ted Hendricks Award,,
2012,Tavon Austin,West Virginia,Paul Hornung Award,,
2011,Brandon Boykin,Georgia,Paul Hornung Award,,
2010,Owen Marecic,Stanford,Paul Hornung Award,,
2012,Manti Te'o,Notre Dame,Vince Lombardi/Rotary Award,,LB
2011,Luke Kuechly,Boston College,Vince Lombardi/Rotary Award,,LB
2010,Nick Fairley,Auburn,Vince Lombardi/Rotary Award,,DT
2009,Ndamukong Suh,Nebraska,Vince Lombardi/Rotary Award,,
2008,Brian Orakpo,Texas,Vince Lombardi/Rotary Award,,DE
2007,Glenn Dorsey,LSU,Vince Lombardi/Rotary Award,,DT
2006,LaMarr Woodley,Michigan,Vince Lombardi/Rotary Award,,DE
2005,A.J. Hawk,Ohio State,Vince Lombardi/Rotary Award,,LB
2004,David Pollack,Georgia,Vince Lombardi/Rotary Award,,DE
2003,Tommie Harris,Oklahoma,Vince Lombardi/Rotary Award,,DT
2002,Terrell Suggs,Arizona State,Vince Lombardi/Rotary Award,,DE
2001,Julius Peppers,North Carolina,Vince Lombardi/Rotary Award,,DE
2000,Jamal Reynolds,Florida State,Vince Lombardi/Rotary Award,,DE
1999,Corey Moore,Virginia Tech,Vince Lombardi/Rotary Award,,DE
1998,Dat Nguyen,Texas A&M,Vince Lombardi/Rotary Award,,LB
1997,Grant Wistrom,Nebraska,Vince Lombardi/Rotary Award,,DE
1996,Orlando Pace,Ohio State,Vince Lombardi/Rotary Award,,OT
1995,Orlando Pace,Ohio State,Vince Lombardi/Rotary Award,,OT
1994,Warren Sapp,Miami,Vince Lombardi/Rotary Award,,DT
1993,Aaron Taylor,Notre Dame,Vince Lombardi/Rotary Award,,OT
1992,Marvin Jones,Florida State,Vince Lombardi/Rotary Award,,LB
1991,Steve Emtman,Washington,Vince Lombardi/Rotary Award,,DT
1990,Chris Zorich,Notre Dame,Vince Lombardi/Rotary Award,,NG
1989,Percy Snow,Michigan State,Vince Lombardi/Rotary Award,,LB
1988,Tracy Rocker,Auburn,Vince Lombardi/Rotary Award,,DT
1987,Chris Spielman,Ohio State,Vince Lombardi/Rotary Award,,LB
1986,Cornelius Bennett,Alabama,Vince Lombardi/Rotary Award,,LB
1985,Tony Casillas,Oklahoma,Vince Lombardi/Rotary Award,,NG
1984,Tony Degrate,Texas,Vince Lombardi/Rotary Award,,DT
1983,Dean Steinkuhler,Nebraska,Vince Lombardi/Rotary Award,,G
1982,Dave Rimington,Nebraska,Vince Lombardi/Rotary Award,,C
1981,Kenneth Sims,Texas,Vince Lombardi/Rotary Award,,DT
1980,Hugh Green,Pittsburgh,Vince Lombardi/Rotary Award,,DE
1979,Brad Budde,Southern California,Vince Lombardi/Rotary Award,,G
1978,Bruce Clark,Penn State,Vince Lombardi/Rotary Award,,DT
1977,Ross Browner,Notre Dame,Vince Lombardi/Rotary Award,,DE
1976,Wilson Whitley,Houston,Vince Lombardi/Rotary Award,,DT
1975,Lee Roy Selmon,Oklahoma,Vince Lombardi/Rotary Award,,DT
1974,Randy White,Maryland,Vince Lombardi/Rotary Award,,DT
1973,John Hicks,Ohio State,Vince Lombardi/Rotary Award,,OT
1972,Rich Glover,Nebraska,Vince Lombardi/Rotary Award,,MG
1971,Walt Patulski,Notre Dame,Vince Lombardi/Rotary Award,,DE
1970,Jim Stillwagon,Ohio State,Vince Lombardi/Rotary Award,,MG
2012,Manti Te'o,Notre Dame,Lott Trophy,,
2011,Luke Kuechly,Boston College,Lott Trophy,,
2010,JJ Lott,Wisconsin,Lott Trophy,,
2009,Jerry Hughes,TCU,Lott Trophy,,
2008,James Laurinaitis,Ohio State,Lott Trophy,,
2007,Glenn Dorsey,LSU,Lott Trophy,,
2006,Daymeion Hughes,California,Lott Trophy,,
2005,DeMeco Ryans,Alabama,Lott Trophy,,
2004,David Pollack,Georgia,Lott Trophy,,
2012,Tyler Eifert,Notre Dame,John Mackey Award,,
2011,Dwayne Allen,Clemson,John Mackey Award,,
2010,DJ William,Arkansas,John Mackey Award,,
2009,Aaron Hernandez,Florida,John Mackey Award,,
2008,Chase Coffman,Missouri,John Mackey Award,,
2007,Fred Davis,Southern California,John Mackey Award,,
2006,Matt Spaeth,Minnesota,John Mackey Award,,
2005,Marcedes Lewis,UCLA,John Mackey Award,,
2004,Heath Miller,Virginia,John Mackey Award,,
2003,Kellen Winslow Jr.,Miami,John Mackey Award,,
2002,Dallas Clark,Iowa,John Mackey Award,,
2001,Daniel Graham,Colorado,John Mackey Award,,
2000,Tim Stratton,Purdue,John Mackey Award,,
2012,Johnny Manziel,Texas A&M,Manning Award,,
2011,Robert Griffin III,Baylor,Manning Award,,
2010,Cam Newton,Auburn,Manning Award,,
2009,Colt McCoy,Texas,Manning Award,,
2008,Tim Tebow,Florida,Manning Award,,
2007,Matt Ryan,Boston College,Manning Award,,
2006,JaMarcus Russell,LSU,Manning Award,,
2005,Vince Young,Texas,Manning Award,,
2004,Matt Leinart,Southern California,Manning Award,,
2012,Manti Te'o,Notre Dame,Maxwell Award,,LB
2011,Andrew Luck,Stanford,Maxwell Award,,QB
2010,Cam Newton,Auburn,Maxwell Award,,QB
2009,Colt McCoy,Texas,Maxwell Award,,QB
2008,Tim Tebow,Florida,Maxwell Award,,QB
2007,Tim Tebow,Florida,Maxwell Award,,QB
2006,Brady Quinn,Notre Dame,Maxwell Award,,QB
2005,Vince Young,Texas,Maxwell Award,,QB
2004,Jason White,Oklahoma,Maxwell Award,,QB
2003,Eli Manning,Mississippi,Maxwell Award,,QB
2002,Larry Johnson,Penn State,Maxwell Award,,TB
2001,Ken Dorsey,Miami,Maxwell Award,,QB
2000,Drew Brees,Purdue,Maxwell Award,,QB
1999,Ron Dayne,Wisconsin,Maxwell Award,,RB
1998,Ricky Williams,Texas,Maxwell Award,,RB
1997,Peyton Manning,Tennessee,Maxwell Award,,QB
1996,Danny Wuerffel,Florida,Maxwell Award,,QB
1995,Eddie George,Ohio State,Maxwell Award,,RB
1994,Kerry Collins,Penn State,Maxwell Award,,QB
1993,Charlie Ward,Florida State,Maxwell Award,,QB
1992,Gino Torretta,Miami,Maxwell Award,,QB
1991,Desmond Howard,Michigan,Maxwell Award,,WR
1990,Ty Detmer,Brigham Young,Maxwell Award,,QB
1989,Anthony Thompson,Indiana,Maxwell Award,,RB
1988,Barry Sanders,Oklahoma State,Maxwell Award,,RB
1987,Don McPherson,Syracuse,Maxwell Award,,QB
1986,Vinny Testaverde,Miami,Maxwell Award,,QB
1985,Chuck Long,Iowa,Maxwell Award,,QB
1984,Doug Flutie,Boston College,Maxwell Award,,QB
1983,Mike Rozier,Nebraska,Maxwell Award,,RB
1982,Hershel Walker,Georgia,Maxwell Award,,RB
1981,Marcus Allen,Southern California,Maxwell Award,,RB
1980,Hugh Green,Pittsburgh,Maxwell Award,,DE
1979,Charles White,Southern California,Maxwell Award,,RB
1978,Chuck Fusina,Penn State,Maxwell Award,,QB
1977,Ross Browner,Notre Dame,Maxwell Award,,DE
1976,Tony Dorsett,Pittsburgh,Maxwell Award,,RB
1975,Archie Griffin,Ohio State,Maxwell Award,,RB
1974,Steve Joachim,Temple,Maxwell Award,,QB
1973,John Cappelletti,Penn State,Maxwell Award,,RB
1972,Brad Van Pelt,Michigan State,Maxwell Award,,DB
1971,Ed Marinaro,Cornell,Maxwell Award,,RB
1970,Jim Plunkett,Stanford,Maxwell Award,,QB
1969,Mike Reid,Penn State,Maxwell Award,,DT
1968,O. J. Simpson,Southern California,Maxwell Award,,RB
1967,Gary Beban,UCLA,Maxwell Award,,QB
1966,Jim Lynch,Notre Dame,Maxwell Award,,LB
1965,Tommy Nobis,Texas,Maxwell Award,,LB
1964,Glenn Ressler,Penn State,Maxwell Award,,C
1963,Roger Staubach,Navy,Maxwell Award,,QB
1962,Terry Baker,Oregon State,Maxwell Award,,QB
1961,Bob Ferguson,Ohio State,Maxwell Award,,FB
1960,Joe Bellino,Navy,Maxwell Award,,HB
1959,Rich Lucas,Penn State,Maxwell Award,,QB
1958,Pete Dawkins,Army,Maxwell Award,,HB
1957,Bob Reifsnyder,Navy,Maxwell Award,,T
1956,Tommy McDonald,Oklahoma,Maxwell Award,,HB
1955,Howard Cassady,Ohio State,Maxwell Award,,HB
1954,Ron Beagle,Navy,Maxwell Award,,E
1953,John Lattner,Notre Dame,Maxwell Award,,HB
1952,John Lattner,Notre Dame,Maxwell Award,,HB
1951,Dick Kazmaier,Princeton,Maxwell Award,,HB
1950,Reds Bagnell,Pennsylvania,Maxwell Award,,HB
1949,Leon Hart,Notre Dame,Maxwell Award,,E
1948,Chuck Bednarik,Pennsylvania,Maxwell Award,,C
1947,Doak Walker,Southern Methodist,Maxwell Award,,HB
1946,Charley Trippi,Georgia,Maxwell Award,,HB
1945,Doc Blanchard,Army,Maxwell Award,,FB
1944,Glenn Davis,Army,Maxwell Award,,HB
1943,Bob Odell,Pennsylvania,Maxwell Award,,HB
1942,Paul Governali,Columbia,Maxwell Award,,QB
1941,Bill Dudley,Virginia,Maxwell Award,,HB
1940,Tom Harmon,Michigan,Maxwell Award,,HB
1939,Nile Kinnick,Iowa,Maxwell Award,,HB
1938,Davey O'Brien,Texas Christian,Maxwell Award,,QB
1937,Clint Frank,Yale,Maxwell Award,,HB
2012,Manti Te'o,Notre Dame,Bronko Nagurski Award,,
2011,Luke Kuechly,Boston College,Bronko Nagurski Award,,
2010,Da'Quan Bowers,Clemson,Bronko Nagurski Award,,
2009,Ndamukong Suh,Nebraska,Bronko Nagurski Award,,
2008,Brian Orakpo,Texas,Bronko Nagurski Award,,
2007,Glenn Dorsey,LSU,Bronko Nagurski Award,,
2006,James Laurinaitis,Ohio State,Bronko Nagurski Award,,
2005,Elvis Dumervil,Louisville,Bronko Nagurski Award,,
2004,Derrick Johnson,Texas,Bronko Nagurski Award,,
2003,Derrick Strait,Oklahoma State,Bronko Nagurski Award,,
2002,Terrell Suggs,Arizona State,Bronko Nagurski Award,,
2001,Roy Williams,Oklahoma,Bronko Nagurski Award,,
2000,Dan Morgan,Miami,Bronko Nagurski Award,,
1999,Corey Moore,Virginia Tech,Bronko Nagurski Award,,
1998,Champ Bailey,Georgia,Bronko Nagurski Award,,
1997,Charles Woodson,Michigan,Bronko Nagurski Award,,
1996,Pat Fitzgerald,Northwestern,Bronko Nagurski Award,,
1995,Pat Fitzgerald,Northwestern,Bronko Nagurski Award,,
1994,Warren Sapp,Miami,Bronko Nagurski Award,,
1993,Rob Waldrop,Arizona,Bronko Nagurski Award,,
2012,Johnny Manziel,Texas A&M,Davey O'Brien National Quarterback Award,,
2011,Robert Griffin III,Baylor,Davey O'Brien National Quarterback Award,,
2010,Cam Newton,Auburn,Davey O'Brien National Quarterback Award,,
2009,Colt McCoy,Texas,Davey O'Brien National Quarterback Award,,
2008,Sam Bradford,Oklahoma,Davey O'Brien National Quarterback Award,,
2007,Tim Tebow,Florida,Davey O'Brien National Quarterback Award,,
2006,Troy Smith,Ohio State,Davey O'Brien National Quarterback Award,,
2005,Vince Young,Texas,Davey O'Brien National Quarterback Award,,
2004,Jason White,Oklahoma,Davey O'Brien National Quarterback Award,,
2003,Jason White,Oklahoma,Davey O'Brien National Quarterback Award,,
2002,Brad Banks,Iowa,Davey O'Brien National Quarterback Award,,
2001,Eric Crouch,Nebraska,Davey O'Brien National Quarterback Award,,
2000,Chris Weinke,Florida State,Davey O'Brien National Quarterback Award,,
1999,Joe Hamilton,Georgia Tech,Davey O'Brien National Quarterback Award,,
1998,Michael Bishop,Kansas State,Davey O'Brien National Quarterback Award,,
1997,Peyton Manning,Tennessee,Davey O'Brien National Quarterback Award,,
1996,Danny Wuerffel,Florida,Davey O'Brien National Quarterback Award,,
1995,Danny Wuerffel,Florida,Davey O'Brien National Quarterback Award,,
1994,Kerry Collins,Penn State,Davey O'Brien National Quarterback Award,,
1993,Charlie Ward,Florida State,Davey O'Brien National Quarterback Award,,
1992,Gino Toretta,Miami,Davey O'Brien National Quarterback Award,,
1991,Ty Detmer,Brigham Young,Davey O'Brien National Quarterback Award,,
1990,Ty Detmer,Brigham Young,Davey O'Brien National Quarterback Award,,
1989,Andre Ware,Houston,Davey O'Brien National Quarterback Award,,
1988,Troy Aikman,UCLA,Davey O'Brien National Quarterback Award,,
1987,Don McPherson,Syracuse,Davey O'Brien National Quarterback Award,,
1986,Vinny Testaverde,Miami,Davey O'Brien National Quarterback Award,,
1985,Chuck Long,Iowa,Davey O'Brien National Quarterback Award,,
1984,Doug Flutie,Boston College,Davey O'Brien National Quarterback Award,,
1983,Steve Young,Brigham Young,Davey O'Brien National Quarterback Award,,
1982,Todd Blackledge,Penn State,Davey O'Brien National Quarterback Award,,
1981,Jim McMahon,Brigham Young,Davey O'Brien National Quarterback Award,,
1980,Mike Singletary,Baylor,Davey O'Brien Memorial Trophy,,
1979,Mike Singletary,Baylor,Davey O'Brien Memorial Trophy,,
1978,Billy Sims,Oklahoma,Davey O'Brien Memorial Trophy,,
1977,Earl Campbell,Texas,Davey O'Brien Memorial Trophy,,
2012,Luke Joeckel,Texas A&M,Outland Trophy,,OT
2011,Barrett Jones,Alabama,Outland Trophy,,OL
2010,Gabe Carimi,Wisconsin,Outland Trophy,,OT
2009,Ndamukong Suh,Nebraska,Outland Trophy,,OL
2008,Andre Smith,Alabama,Outland Trophy,,OL
2007,Glenn Dorsey,LSU,Outland Trophy,,OL
2006,Joe Thomas,Wisconsin,Outland Trophy,,OT
2005,Greg Eslinger,Minnesota,Outland Trophy,,C
2004,Jammal Brown,Oklahoma,Outland Trophy,,OT
2003,Robert Gallery,Iowa,Outland Trophy,,OT
2002,Rien Long,Washington State,Outland Trophy,,DT
2001,Bryant McKinnie,Miami,Outland Trophy,,OT
2000,John Henderson,Tennessee,Outland Trophy,,DL
1999,Chris Samuels,Alabama,Outland Trophy,,OT
1998,Kris Farris,UCLA,Outland Trophy,,G
1997,Aaron Taylor,Nebraska,Outland Trophy,,OT
1996,Orlando Pace,Ohio State,Outland Trophy,,OT
1995,Jonathan Ogden,UCLA,Outland Trophy,,OT
1994,Zach Wiegert,Nebraska,Outland Trophy,,OT
1993,Rob Waldrop,Arizona,Outland Trophy,,NG
1992,Will Shields,Nebraska,Outland Trophy,,G
1991,Steve Emtman,Washington,Outland Trophy,,DT
1990,Russell Maryland,Miami,Outland Trophy,,DT
1989,Mohammed Elewonibi,Brigham Young,Outland Trophy,,G
1988,Tracy Rocker,Auburn,Outland Trophy,,DT
1987,Chad Hennings,Air Force,Outland Trophy,,DT
1986,Jason Buck,Brigham Young,Outland Trophy,,DT
1985,Mike Ruth,Boston College,Outland Trophy,,NG
1984,Bruce Smith,Virginia Tech,Outland Trophy,,DT
1983,Dean Steinkuhler,Nebraska,Outland Trophy,,G
1982,Dave Rimington,Nebraska,Outland Trophy,,C
1981,Dave Rimington,Nebraska,Outland Trophy,,C
1980,Mark May,Pittsburgh,Outland Trophy,,OT
1979,Jim Ritcher,North Carolina State,Outland Trophy,,C
1978,Greg Roberts,Oklahoma,Outland Trophy,,G
1977,Brad Shearer,Texas,Outland Trophy,,DT
1976,Ross Browner,Notre Dame,Outland Trophy,,DE
1975,Lee Roy Selmon,Oklahoma,Outland Trophy,,DT
1974,Randy White,Maryland,Outland Trophy,,DE
1973,John Hicks,Ohio State,Outland Trophy,,OT
1972,Rich Glover,Nebraska,Outland Trophy,,MG
1971,Larry Jacobson,Nebraska,Outland Trophy,,DT
1970,Jim Stillwagon,Ohio State,Outland Trophy,,MG
1969,Mike Reid,Penn State,Outland Trophy,,DT
1968,Bill Stanfill,Georgia,Outland Trophy,,T
1967,Ron Yary,Southern California,Outland Trophy,,T
1966,Loyd Phillips,Arkansas,Outland Trophy,,T
1965,Tommy Nobis,Texas,Outland Trophy,,G
1964,Steve DeLong,Tennessee,Outland Trophy,,T
1963,Scott Appleton,Texas,Outland Trophy,,T
1962,Bobby Bell,Minnesota,Outland Trophy,,T
1961,Merlin Olsen,Utah State,Outland Trophy,,T
1960,Tom Brown,Minnesota,Outland Trophy,,G
1959,Mike McGee,Duke,Outland Trophy,,T
1958,Zeke Smith,Auburn,Outland Trophy,,G
1957,Alex Karras,Iowa,Outland Trophy,,T
1956,Jim Parker,Ohio State,Outland Trophy,,G
1955,Calvin Jones,Iowa,Outland Trophy,,G
1954,Bill Brooks,Arkansas,Outland Trophy,,G
1953,J. D. Roberts,Oklahoma,Outland Trophy,,G
1952,Dick Modzelewski,Maryland,Outland Trophy,,T
1951,Jim Weatherall,Oklahoma,Outland Trophy,,T
1950,Bob Gain,Kentucky,Outland Trophy,,T
1949,Ed Bagdon,Michigan State,Outland Trophy,,G
1948,Bill Fischer,Notre Dame,Outland Trophy,,G
1947,Joe Steffy,Army,Outland Trophy,,G
1946,George Connor,Notre Dame,Outland Trophy,,T
2012,Barrett Jones,Alabama,Rimington Trophy,,
2011,David Molk,Michigan,Rimington Trophy,,
2010,Jake Kirkpatrick,TCU,Rimington Trophy,,
2009,Maurkice Pouncey,Florida,Rimington Trophy,,
2008,A.Q. Shipley,Penn State,Rimington Trophy,,
2007,Jonathan Luigs,Arkansas,Rimington Trophy,,
2006,Dan Mozes,West Virginia,Rimington Trophy,,
2005,Greg Eslinger,Minnesota,Rimington Trophy,,
2004,David Baas,Michigan,Rimington Trophy,,
2004,Ben Wilkerson,LSU,Rimington Trophy,,
2003,Jake Grove,Virginia Tech,Rimington Trophy,,
2002,Brett Romberg,Miami,Rimington Trophy,,
2001,LeCharles Bentley,Ohio State,Rimington Trophy,,
2000,Dominic Raiola,Nebraska,Rimington Trophy,,
2012,Tavon Austin,West Virginia,"Johnny ""The Jet"" Rodgers National College Football Return Specialist Award",,
2011,Joe Adams,Arkansas,"Johnny ""The Jet"" Rodgers National College Football Return Specialist Award",,
2012,Collin Klein,Kansas State,Johnny Unitas Golden Arm Award,,
2011,Andrew Luck,Stanford,Johnny Unitas Golden Arm Award,,
2010,Scorr Tolzien,Wisconsin,Johnny Unitas Golden Arm Award,,
2009,Colt McCoy,Texas,Johnny Unitas Golden Arm Award,,
2008,Graham Harrell,Texas Tech,Johnny Unitas Golden Arm Award,,
2007,Matt Ryan,Boston College,Johnny Unitas Golden Arm Award,,
2006,Brady Quinn,Notre Dame,Johnny Unitas Golden Arm Award,,
2005,Matt Leinart,Southern California,Johnny Unitas Golden Arm Award,,
2004,Jason White,Oklahoma,Johnny Unitas Golden Arm Award,,
2003,Eli Manning,Mississippi,Johnny Unitas Golden Arm Award,,
2002,Carson Palmer,Southern California,Johnny Unitas Golden Arm Award,,
2001,David Carr,Fresno State,Johnny Unitas Golden Arm Award,,
2000,Chris Weinke,Florida State,Johnny Unitas Golden Arm Award,,
1999,Chris Redman,Louisville,Johnny Unitas Golden Arm Award,,
1998,Cade McNown,UCLA,Johnny Unitas Golden Arm Award,,
1997,Peyton Manning,Tennessee,Johnny Unitas Golden Arm Award,,
1996,Danny Wuerffel,Florida,Johnny Unitas Golden Arm Award,,
1995,Tommie Frazier,Nebraska,Johnny Unitas Golden Arm Award,,
1994,Jay Barker,Alabama,Johnny Unitas Golden Arm Award,,
1993,Charlie Ward,Florida State,Johnny Unitas Golden Arm Award,,
1992,Gino Torretta,Miami,Johnny Unitas Golden Arm Award,,
1991,Casey Weldon,Florida State,Johnny Unitas Golden Arm Award,,
1990,Craig Erickson,Miami,Johnny Unitas Golden Arm Award,,
1989,Tony Rice,Notre Dame,Johnny Unitas Golden Arm Award,,
1988,Rodney Peete,Southern California,Johnny Unitas Golden Arm Award,,
1987,Don McPherson,Syracuse,Johnny Unitas Golden Arm Award,,
2012,Monte Ball,Wisconsin,Doak Walker Award,,
2011,Trent Richardson,Alabama,Doak Walker Award,,
2010,LaMichael Jamese,Oregon,Doak Walker Award,,
2009,Toby Gerhart,Stanford,Doak Walker Award,,
2008,Shonn Greene,Iowa,Doak Walker Award,,
2007,Darren McFadden,Arkansas,Doak Walker Award,,
2006,Darren McFadden,Arkansas,Doak Walker Award,,
2005,Reggie Bush,Southern California,Doak Walker Award,,
2004,Cedric Benson,Texas,Doak Walker Award,,
2003,Chris Perry,Michigan,Doak Walker Award,,
2002,Larry Johnson,Penn State,Doak Walker Award,,
2001,Luke Staley,Brigham Young,Doak Walker Award,,
2000,LaDainian Tomlinson,Texas Christian,Doak Walker Award,,
1999,Ron Dayne,Wisconsin,Doak Walker Award,,
1998,Ricky Williams,Texas,Doak Walker Award,,
1997,Ricky Williams,Texas,Doak Walker Award,,
1996,Byron Hanspard,Texas Tech,Doak Walker Award,,
1995,Eddie George,Ohio State,Doak Walker Award,,
1994,Rashaan Salaam,Colorado,Doak Walker Award,,
1993,Byron Morris,Texas Tech,Doak Walker Award,,
1992,Garrison Hearst,Georgia,Doak Walker Award,,
1991,Trevor Cobb,Rice,Doak Walker Award,,
1990,Greg Lewis,Washington,Doak Walker Award,,
1986,Thomas Everett,Baylor,Jim Thorpe Award,,
1987,Bennie Blades,Miami,Jim Thorpe Award,,
1987,Rickey Dixon,Oklahoma,Jim Thorpe Award,,
1988,Deion Sanders,Florida State,Jim Thorpe Award,,
1989,Mark Carrier,Southern California,Jim Thorpe Award,,
1990,Darryll Lewis,Arizona,Jim Thorpe Award,,
1991,Terrell Buckley,Florida State,Jim Thorpe Award,,
1992,Deon Figures,Colorado,Jim Thorpe Award,,
1993,Antonio Langham,Alabama,Jim Thorpe Award,,
1994,Chris Hudson,Colorado,Jim Thorpe Award,,
1995,Greg Myers,Colorado State,Jim Thorpe Award,,
1996,Lawrence Wright,Florida,Jim Thorpe Award,,
1997,Charles Woodson,Michigan,Jim Thorpe Award,,
1998,Antoine Winfield,Ohio State,Jim Thorpe Award,,
1999,Tyrone Carter,Minnesota,Jim Thorpe Award,,
2000,Jamar Fletcher,Wisconsin,Jim Thorpe Award,,
2001,Roy Williams,Oklahoma,Jim Thorpe Award,,
2002,Terence Newman,Kansas State,Jim Thorpe Award,,
2003,Derrick Strait,Oklahoma,Jim Thorpe Award,,
2004,Carlos Rogers,Auburn,Jim Thorpe Award,,
2005,Michael Huff,Texas,Jim Thorpe Award,,
2006,Aaron Ross,Texas,Jim Thorpe Award,,
2007,Antoine Cason,Arizona,Jim Thorpe Award,,
2008,Malcolm Jenkins,Ohio State,Jim Thorpe Award,,
2009,Eric Berry,Tennessee,Jim Thorpe Award,,
2010,Patrick Peterson,LSU,Jim Thorpe Award,,
2011,Morris Claiborne,LSU,Jim Thorpe Award,,
2012,Johnthan Banks,Mississippi State,Jim Thorpe Award,,
