"","RivalsRank","School","Total","5-Star","4-Star","3-Star","AvgStar","Points","Year"
"1","1","Alabama",22,3,14,5,3.91,2632,2011
"2","1","Alabama",25,4,13,8,3.84,3166,2013
"3","1","Alabama",26,3,14,9,3.77,2621,2012
"4","1","Alabama",27,4,14,9,3.81,2786,2009
"5","1","Alabama",32,3,19,8,3.72,2836,2008
"6","1","Florida",27,4,16,7,3.89,2959,2007
"7","1","LSU",28,1,17,10,3.68,2626,2003
"8","1","Texas",28,6,15,5,3.89,2792,2002
"9","1","USC",20,4,11,5,3.95,2631,2005
"10","1","USC",20,5,14,1,4.2,3003,2010
"11","1","USC",20,8,7,3,4.05,2908,2004
"12","1","USC",26,5,14,6,3.81,3010,2006
"13","10","Alabama",25,0,10,12,3.28,1789,2007
"14","10","Auburn",21,0,13,8,3.62,1951,2012
"15","10","Auburn",25,1,14,7,3.52,2148,2006
"16","10","Colorado",31,1,7,19,3.16,2055,2002
"17","10","Florida",23,1,11,10,3.52,2065,2004
"18","10","Florida State",21,2,9,9,3.57,2352,2013
"19","10","Florida State",24,2,8,14,3.5,1953,2010
"20","10","Georgia",19,0,11,8,3.58,1814,2005
"21","10","Michigan",24,0,17,6,3.67,2220,2008
"22","10","Notre Dame",23,2,8,12,3.48,1976,2011
"23","10","Tennessee",21,2,9,10,3.62,2037,2009
"24","10","Texas A&M",24,1,5,17,3.25,1778,2003
"25","100","Arkansas State",27,0,0,6,2.22,90,2010
"26","100","Ball State",21,0,0,1,2.05,735,2013
"27","100","Boise State",20,0,0,2,2.1,660,2003
"28","100","Cincinnati",23,0,0,2,0.7,360,2002
"29","100","East Carolina",20,0,0,2,2.1,660,2003
"30","100","Houston",20,0,0,3,2.05,72,2008
"31","100","Rice",23,0,0,3,2.13,75,2007
"32","100","San Jose State",26,0,0,6,2.23,90,2010
"33","100","UNLV",24,0,0,6,2.25,90,2010
"34","100","Western Michigan",24,0,0,6,2.25,90,2010
"35","100","Wyoming",23,0,0,6,2.26,90,2010
"36","101","Air Force",32,0,0,2,2.07,720,2013
"37","101","Air Force",34,0,0,2,1.82,70,2008
"38","101","Ball State",21,0,0,2,2.1,70,2008
"39","101","Bowling Green",20,0,0,2,2.1,70,2007
"40","101","Colorado State",18,0,0,2,2.11,64,2005
"41","101","Colorado State",21,0,0,5,2.14,85,2009
"42","101","Connecticut",16,0,0,8,2.5,88,2011
"43","101","Florida Atlantic",21,0,0,2,2.1,70,2008
"44","101","Idaho",21,0,0,2,2.1,70,2008
"45","101","Kent State",26,0,0,2,2.08,70,2007
"46","101","Marshall",12,0,0,1,2.08,325,2002
"47","101","New Mexico",26,0,0,2,2,70,2007
"48","101","New Mexico State",21,0,0,5,2.14,85,2009
"49","101","North Carolina State",18,1,3,7,2.89,842,2004
"50","101","UAB",25,0,0,2,2.08,70,2008
"51","101","Utah State",21,0,0,2,2.1,70,2008
"52","102","Idaho",22,0,0,5,2.23,85,2011
"53","102","Marshall",18,0,0,4,2.22,650,2003
"54","102","Miami (OH)",12,0,0,0,2,300,2002
"55","102","Missouri",26,0,5,5,2.58,841,2004
"56","102","Navy",40,0,0,5,2.13,85,2011
"57","102","North Texas",21,0,0,5,2.24,85,2011
"58","102","Ohio",22,0,0,1,2.05,705,2013
"59","102","Tulane",19,0,0,1,2.05,62,2005
"60","102","Tulane",22,0,0,5,2.23,85,2011
"61","102","Western Michigan",17,0,0,2,2.12,705,2013
"62","102","Western Michigan",22,0,0,5,2.23,85,2011
"63","103","Ball State",21,0,0,0,2,60,2005
"64","103","Bowling Green",26,0,0,0,2,60,2005
"65","103","Buffalo",27,0,0,0,2,60,2005
"66","103","Central Michigan",27,0,0,0,2,60,2006
"67","103","Connecticut",14,0,0,1,1.57,275,2002
"68","103","East Carolina",23,0,0,0,2,60,2005
"69","103","Eastern Michigan",22,0,0,0,2,60,2006
"70","103","Eastern Michigan",23,0,0,0,2,60,2005
"71","103","FIU",24,0,0,0,2,60,2006
"72","103","Florida Atlantic",20,0,0,0,2,60,2006
"73","103","Idaho",24,0,0,0,2,60,2005
"74","103","Louisiana-Lafayette",11,0,0,0,2,275,2002
"75","103","Louisiana-Monroe",33,0,0,0,2,60,2005
"76","103","Mississippi",24,0,3,11,2.71,838,2004
"77","103","New Mexico State",23,0,0,0,2,60,2005
"78","103","Northern Illinois",20,0,0,1,2.05,645,2003
"79","103","Ohio",28,0,0,0,2,60,2005
"80","103","San Diego State",20,0,0,4,2.1,77,2009
"81","103","Utah State",22,0,0,0,2,60,2005
"82","103","Western Michigan",23,0,0,0,2,60,2006
"83","104","Arizona State",22,0,1,12,2.64,837,2004
"84","104","Ball State",24,0,0,3,2.13,75,2009
"85","104","Central Michigan",19,0,0,2,2.11,635,2003
"86","104","Eastern Michigan",21,0,0,0,2,635,2003
"87","104","Eastern Michigan",22,0,0,3,2.14,75,2009
"88","104","Kent State",21,0,0,2,2.1,690,2013
"89","104","Middle Tennessee",24,0,0,3,2.13,75,2009
"90","104","North Texas",20,0,0,3,2.15,75,2009
"91","104","San Jose State",19,0,0,3,2.05,69,2007
"92","104","Utah State",24,0,0,3,2.13,690,2013
"93","104","Western Kentucky",26,0,0,3,2.12,75,2009
"94","104","Western Michigan",21,0,0,0,2,635,2003
"95","104","Wyoming",21,0,0,2,2.1,690,2013
"96","105","Colorado State",25,0,0,1,1.96,65,2007
"97","105","Houston",25,0,0,2,2.08,830,2004
"98","105","Idaho",21,0,0,1,2.05,65,2007
"99","105","Idaho",29,0,0,0,1.93,830,2004
"100","105","Rice",9,0,0,0,2,225,2002
"101","105","Rice",16,0,0,8,2.5,88,2010
"102","105","UAB",25,0,0,1,2.04,65,2007
"103","106","Ball State",8,0,0,0,2,200,2002
"104","106","Bowling Green",19,0,0,5,2.26,82,2012
"105","106","Bowling Green",25,0,0,5,2.2,85,2010
"106","106","Miami (OH)",23,0,0,5,2.22,85,2010
"107","107","Air Force",30,0,0,4,2.13,80,2012
"108","107","Akron",23,0,0,4,2.17,80,2011
"109","107","Arkansas State",19,0,0,1,2.05,660,2013
"110","107","Arkansas State",26,0,0,1,2.04,65,2008
"111","107","Army",20,0,0,0,2,610,2003
"112","107","Army",34,0,0,1,2.04,660,2013
"113","107","Central Michigan",22,0,0,1,2.05,65,2008
"114","107","Central Michigan",26,0,0,4,2.15,80,2011
"115","107","Louisiana Tech",5,0,1,0,2.4,190,2002
"116","107","Nevada",24,0,0,4,2.17,80,2011
"117","107","New Mexico State",20,0,0,4,2.2,80,2011
"118","107","Notre Dame",18,0,3,9,2.83,820,2004
"119","107","Temple",21,0,0,4,2.19,80,2011
"120","107","Western Michigan",27,0,0,4,2.15,80,2012
"121","107","Wyoming",21,0,0,4,2.19,80,2012
"122","108","Air Force",6,0,0,0,2,150,2002
"123","108","Air Force",30,0,0,0,1.73,60,2007
"124","108","Air Force",35,0,0,4,2.06,80,2010
"125","108","Army",6,0,0,0,2,150,2002
"126","108","Ball State",21,0,0,4,2.19,80,2010
"127","108","Brigham Young",13,1,1,4,2.69,609,2003
"128","108","Cincinnati",19,0,0,1,1.95,59,2006
"129","108","Louisiana-Monroe",26,0,0,0,2,60,2007
"130","108","Louisville",24,0,1,1,2.04,818,2004
"131","108","Middle Tennessee",24,0,0,0,2,60,2007
"132","108","Tulane",26,0,0,0,1.92,60,2007
"133","108","Utah State",23,0,0,0,2,60,2007
"134","108","Utah State",27,0,0,4,2.15,80,2010
"135","109","Army",45,0,0,0,1.96,60,2008
"136","109","Bowling Green",23,0,0,2,2,70,2009
"137","109","Buffalo",20,0,0,0,2,60,2008
"138","109","Buffalo",23,0,0,2,2.09,70,2009
"139","109","Duke",14,0,0,8,2.57,585,2003
"140","109","Idaho",20,0,0,2,2.1,70,2009
"141","109","Louisiana-Lafayette",23,0,0,0,2,60,2008
"142","109","Northern Illinois",24,0,0,2,2.08,645,2013
"143","109","Southern Methodist",16,0,0,2,2.13,58,2006
"144","109","Texas Tech",26,1,4,7,2.69,807,2004
"145","109","UNLV",23,0,0,0,2,60,2008
"146","11","Alabama",23,2,10,11,3.61,2127,2006
"147","11","Auburn",26,1,6,17,3.23,1770,2003
"148","11","California",19,2,7,10,3.58,1875,2010
"149","11","Florida",16,3,9,4,3.94,2017,2009
"150","11","Iowa",23,1,7,11,3.22,1745,2005
"151","11","LSU",26,2,11,13,3.58,2134,2008
"152","11","Ohio State",23,1,9,12,3.43,1927,2011
"153","11","Oklahoma",18,3,8,6,3.72,2055,2004
"154","11","Oklahoma",25,1,11,13,3.52,1937,2012
"155","11","Oregon",29,0,12,12,3.24,1760,2007
"156","11","South Carolina",26,3,6,16,3.42,1972,2002
"157","11","Texas A&M",31,0,15,15,3.45,2332,2013
"158","110","Ball State",19,0,0,0,2,575,2003
"159","110","FIU",18,0,0,2,2.11,630,2013
"160","110","Hawaii",19,0,0,0,2,57,2006
"161","110","Louisiana-Lafayette",27,0,0,0,2,805,2004
"162","110","Louisiana-Monroe",22,0,0,0,1.73,57,2006
"163","110","Miami (OH)",22,0,0,3,2.14,630,2013
"164","110","New Mexico",26,0,0,1,2.04,805,2004
"165","110","New Mexico State",4,0,0,0,2,100,2002
"166","110","North Texas",3,0,0,1,2.33,100,2002
"167","110","San Jose State",27,0,0,0,2,805,2004
"168","110","Toledo",4,0,0,0,2,100,2002
"169","110","UNLV",17,0,0,5,2.29,76,2012
"170","111","Louisiana-Monroe",22,0,0,3,2.14,75,2012
"171","111","Miami (OH)",16,0,0,1,2.06,500,2003
"172","111","Middle Tennessee",21,0,0,3,2.14,75,2012
"173","111","Navy",22,0,0,4,1.91,77,2010
"174","111","UAB",25,0,0,3,2.12,75,2012
"175","111","Wyoming",17,0,0,0,2,500,2003
"176","112","Army",55,0,0,1,1.11,65,2009
"177","112","Central Michigan",20,0,0,3,2.15,75,2010
"178","112","Louisiana-Monroe",21,0,0,3,2.14,75,2011
"179","112","Louisiana-Monroe",23,0,0,3,2.13,75,2010
"180","112","Louisiana-Monroe",28,0,0,1,1.96,65,2009
"181","112","Massachusetts",22,0,0,1,2.05,615,2013
"182","112","Northern Illinois",17,0,0,1,2.06,56,2006
"183","112","South Alabama",22,0,0,3,2.14,615,2013
"184","112","Temple",28,0,0,1,2.04,65,2009
"185","112","Troy",22,0,0,3,2.14,75,2011
"186","112","Tulane",24,0,0,3,2.13,75,2010
"187","112","Utah State",22,0,0,1,2.05,65,2009
"188","113","Louisiana-Lafayette",18,0,0,1,2.06,59,2007
"189","113","North Texas",18,0,0,0,2,54,2006
"190","113","North Texas",18,0,0,1,2.06,59,2007
"191","113","Rice",18,0,0,1,2.06,59,2008
"192","113","San Jose State",12,0,0,1,2.08,41,2005
"193","113","UCLA",26,0,1,14,2.62,802,2004
"194","113","UTEP",4,0,0,0,1.5,75,2002
"195","113","UTEP",15,0,0,0,2,450,2003
"196","114","Ball State",20,0,0,2,2.1,70,2011
"197","114","Eastern Michigan",21,0,1,2,2.19,600,2013
"198","114","Florida Atlantic",24,0,0,2,2.08,70,2011
"199","114","Idaho",17,0,0,3,2.18,66,2012
"200","114","Kent State",17,0,0,0,1.88,48,2006
"201","114","Miami (OH)",13,0,0,0,2,39,2005
"202","114","Ohio",14,0,0,0,2,350,2003
"203","114","South Carolina",28,0,3,11,2.61,799,2004
"204","114","Troy",2,0,0,0,2,60,2002
"205","114","Tulane",19,0,0,0,2,57,2008
"206","114","UNLV",20,0,0,2,2.11,600,2013
"207","114","UTEP",21,0,0,2,2.1,70,2011
"208","115","Air Force",16,0,0,0,1.5,36,2005
"209","115","Army",23,0,0,0,1.65,57,2007
"210","115","Ball State",24,0,0,1,2.04,65,2012
"211","115","Buffalo",20,0,0,0,1.9,57,2007
"212","115","Buffalo",20,0,0,3,2.05,72,2010
"213","115","Massachusetts",23,0,0,1,2.04,65,2012
"214","115","New Mexico State",11,0,0,2,2.18,335,2003
"215","115","New Mexico State",17,0,0,0,1.76,45,2006
"216","115","Northern Illinois",19,0,0,0,2,57,2007
"217","115","Ohio",2,0,0,0,2,50,2002
"218","115","San Jose State",16,0,0,1,2.06,53,2008
"219","115","Troy",26,0,0,1,1.96,790,2004
"220","115","Utah State",15,0,0,4,2.27,65,2012
"221","116","Air Force",17,0,0,0,1.65,42,2006
"222","116","Bowling Green",17,0,0,0,2,51,2008
"223","116","Duke",24,0,0,2,2.08,785,2004
"224","116","Eastern Michigan",24,0,0,2,2.08,70,2010
"225","116","Kent State",1,0,0,0,2,25,2002
"226","116","Middle Tennessee",14,0,0,0,2,42,2006
"227","116","Navy",9,0,0,0,2,27,2005
"228","116","Navy",12,0,0,0,2,300,2003
"229","116","Nevada",16,0,0,3,2.19,63,2009
"230","116","New Mexico State",17,0,0,0,2,51,2008
"231","116","New Mexico State",18,0,0,2,2.11,570,2013
"232","117","Air Force",9,0,0,0,2,225,2003
"233","117","Akron",17,0,0,2,2.12,540,2013
"234","117","Army",4,0,0,0,2,12,2005
"235","117","Army",48,0,0,1,1.19,65,2010
"236","117","Ball State",26,0,0,0,2,780,2004
"237","117","Buffalo",19,0,0,2,2.11,67,2011
"238","117","Louisiana-Lafayette",23,0,0,1,2.04,65,2010
"239","117","North Texas",18,0,0,0,2,540,2013
"240","117","Southern Miss",22,0,0,5,2.14,780,2004
"241","117","Syracuse",14,0,0,4,2.29,62,2009
"242","118","Air Force",21,0,0,0,1.9,60,2009
"243","118","Akron",21,0,0,0,2,60,2012
"244","118","Army",46,0,0,1,1.98,65,2011
"245","118","Florida Atlantic",17,0,0,1,2.06,56,2007
"246","118","Massachusetts",2,0,0,1,2.5,11,2005
"247","118","Navy",11,0,0,1,1.18,39,2006
"248","118","Navy",19,0,0,0,1.68,48,2008
"249","119","Army",19,0,0,0,1.05,30,2006
"250","119","Buffalo",18,0,0,1,2.06,59,2012
"251","119","Eastern Michigan",19,0,0,1,2.05,62,2011
"252","119","Louisiana-Lafayette",18,0,0,1,2.06,59,2009
"253","119","Louisiana-Monroe",15,0,0,0,2,525,2013
"254","119","Marshall",23,0,0,2,2.09,770,2004
"255","119","Navy",12,0,0,0,1.33,24,2007
"256","119","Northern Illinois",13,0,0,0,2,39,2008
"257","119","Ohio",17,0,0,1,2.06,56,2010
"258","12","Clemson",26,1,13,8,3.42,2113,2008
"259","12","Florida",19,0,11,8,3.58,1851,2011
"260","12","Georgia",19,2,6,10,3.47,1775,2012
"261","12","Georgia",33,0,16,17,3.48,2226,2013
"262","12","Michigan",20,2,5,12,3.4,1750,2007
"263","12","Notre Dame",22,2,6,13,3.41,1756,2003
"264","12","Ohio State",18,1,9,6,3.5,1654,2005
"265","12","Ohio State",20,2,8,10,3.6,2000,2006
"266","12","Penn State",20,0,12,7,3.55,1852,2010
"267","12","South Carolina",29,0,14,11,3.34,1952,2009
"268","12","USC",19,8,6,3,4.05,1974,2004
"269","12","Virginia",26,3,7,13,3.38,1967,2002
"270","120","Colorado State",12,0,0,3,2.25,51,2012
"271","120","Florida Atlantic",11,0,0,1,2.09,38,2010
"272","120","Massachusetts",2,0,0,0,1,3,2006
"273","120","Massachusetts",9,0,0,1,0.33,8,2007
"274","120","Massachusetts",10,0,0,2,1,22,2008
"275","120","Miami (OH)",17,0,0,2,2.12,61,2011
"276","120","Navy",28,0,0,0,1.21,51,2009
"277","120","UNLV",23,0,0,2,2.09,760,2004
"278","120","UTEP",17,0,0,1,2.06,510,2013
"279","121","Fresno State",9,0,0,4,2.44,47,2012
"280","121","Idaho",22,0,0,1,2.05,450,2013
"281","121","Massachusetts",2,0,0,1,1.5,8,2010
"282","121","Massachusetts",7,0,0,1,1.57,20,2009
"283","121","Massachusetts",9,0,0,1,1.44,23,2011
"284","121","North Carolina",24,0,3,8,2.58,749,2004
"285","122","Army",3,0,0,1,2.33,14,2012
"286","122","Buffalo",18,0,0,1,2.06,405,2013
"287","122","San Jose State",18,0,0,0,2,405,2013
"288","122","UAB",22,0,0,3,2.14,745,2004
"289","123","Oklahoma State",19,0,3,7,2.68,713,2004
"290","124","Miami (OH)",24,0,0,0,1.96,710,2004
"291","124","Toledo",24,0,0,0,1.96,710,2004
"292","126","Northern Illinois",22,0,0,1,2.05,705,2004
"293","127","Iowa",20,1,1,7,2.6,701,2004
"294","128","UCF",22,0,0,1,2.05,695,2004
"295","128","Western Michigan",22,0,0,1,2.05,695,2004
"296","13","Auburn",21,1,7,10,3.19,1596,2005
"297","13","Florida",23,1,11,10,3.52,1945,2004
"298","13","Michigan",19,2,9,7,3.63,1974,2006
"299","13","Nebraska",27,0,10,16,3.33,1734,2007
"300","13","North Carolina",26,0,7,16,3.15,1748,2003
"301","13","Oklahoma",23,0,11,11,3.43,1830,2009
"302","13","Oregon",23,1,10,9,3.39,1851,2010
"303","13","Tennessee",27,0,12,14,3.41,1811,2011
"304","13","UCLA",23,0,12,11,3.52,1924,2008
"305","13","UCLA",26,1,8,14,3.27,1731,2012
"306","13","USC",12,5,7,0,4.42,2193,2013
"307","13","USC",22,0,15,5,3.5,1947,2002
"308","130","Wisconsin",23,0,1,9,2.48,693,2004
"309","131","Virginia",19,0,3,8,2.74,691,2004
"310","132","Vanderbilt",20,0,0,2,2.1,685,2004
"311","133","Hawaii",20,0,0,3,2.05,680,2004
"312","134","Akron",22,0,0,0,2,670,2004
"313","134","Eastern Michigan",22,0,0,0,2,670,2004
"314","134","Louisiana-Monroe",22,0,0,0,2,670,2004
"315","137","Wyoming",21,0,0,1,2.05,660,2004
"316","138","Virginia Tech",19,0,3,8,2.74,641,2004
"317","139","Baylor",20,0,0,1,2.05,635,2004
"318","139","Ohio",21,0,0,0,2,635,2004
"319","139","Wake Forest",18,0,0,3,2.17,635,2004
"320","14","California",29,0,4,20,2.97,1700,2003
"321","14","Clemson",20,0,9,11,3.45,1680,2012
"322","14","Clemson",23,0,10,10,3.3,2131,2013
"323","14","Kansas State",31,2,4,20,3.1,1929,2002
"324","14","Miami (FL)",22,0,11,8,3.36,1785,2006
"325","14","Michigan",22,1,12,8,3.59,1936,2004
"326","14","Notre Dame",23,0,10,12,3.39,1618,2010
"327","14","Oklahoma",17,2,7,8,3.65,1722,2011
"328","14","Oklahoma",21,1,9,8,3.38,1704,2007
"329","14","Texas",20,0,12,7,3.55,1919,2008
"330","14","UCLA",27,0,11,14,3.33,1752,2009
"331","14","Virginia Tech",25,1,5,14,3.08,1581,2005
"332","142","Iowa State",28,0,1,10,2.43,626,2004
"333","143","North Texas",18,0,0,2,2.11,610,2004
"334","143","Southern Methodist",19,0,0,1,2.05,610,2004
"335","145","Bowling Green",18,0,0,1,2.06,585,2004
"336","145","Cincinnati",18,0,0,1,2.06,585,2004
"337","147","Buffalo",18,0,0,0,2,550,2004
"338","148","Stanford",12,0,2,3,2.58,545,2004
"339","149","South Florida",24,0,2,7,2.46,529,2004
"340","15","Colorado",21,1,7,9,3.24,1510,2008
"341","15","Florida",18,0,8,9,3.39,1467,2005
"342","15","Georgia",19,0,9,9,3.42,1581,2010
"343","15","LSU",26,1,10,9,3.23,1871,2002
"344","15","Miami (FL)",19,1,9,8,3.53,1693,2009
"345","15","Michigan State",31,0,6,17,2.94,1921,2004
"346","15","Mississippi",30,2,7,15,3.17,1743,2006
"347","15","Nebraska",19,0,11,7,3.53,1698,2011
"348","15","Ohio State",15,0,12,3,3.8,1577,2007
"349","15","Oklahoma",24,0,7,14,3.17,2068,2013
"350","15","Oklahoma State",31,0,4,17,2.81,1677,2003
"351","15","Texas",18,1,11,6,3.72,1677,2003
"352","15","Texas A&M",19,1,6,12,3.42,1647,2012
"353","150","Arizona",25,0,1,9,2.44,514,2004
"354","151","Northwestern",15,0,0,2,2.13,510,2004
"355","152","Central Michigan",17,0,0,0,2,500,2004
"356","152","Nevada",17,0,0,0,2,500,2004
"357","154","Kentucky",27,0,1,10,2.44,490,2004
"358","155","San Diego State",23,0,2,5,2.39,488,2004
"359","156","New Mexico State",16,0,0,0,2,475,2004
"360","157","Rice",16,0,0,0,1.94,460,2004
"361","158","West Virginia",22,0,1,7,2.41,450,2004
"362","159","Air Force",17,0,0,2,1.65,445,2004
"363","16","Arkansas",31,1,8,20,3.26,1678,2009
"364","16","Clemson",20,2,6,10,3.4,1741,2006
"365","16","Clemson",23,0,8,12,3.22,1555,2007
"366","16","Maryland",24,1,4,15,3.08,1433,2005
"367","16","Miami (FL)",29,1,6,18,3.14,1575,2010
"368","16","Michigan",22,1,11,9,3.55,1819,2002
"369","16","North Carolina",25,0,9,14,3.28,1661,2011
"370","16","Ohio State",25,1,9,10,3.24,1913,2004
"371","16","Oregon",21,0,10,9,3.38,1641,2012
"372","16","South Carolina",21,0,8,13,3.38,1962,2013
"373","16","Texas A&M",24,0,7,14,3.17,1482,2008
"374","160","Pittsburgh",24,0,1,6,2.25,433,2004
"375","161","Colorado",19,0,1,8,2.53,431,2004
"376","162","Illinois",24,0,1,5,2.29,406,2004
"377","163","Kansas",19,0,0,8,2.42,404,2004
"378","164","Rutgers",21,0,1,5,2.33,392,2004
"379","165","Clemson",24,0,1,7,2.38,364,2004
"380","166","Syracuse",32,0,0,9,2.22,361,2004
"381","167","Fresno State",14,0,0,0,2,350,2004
"382","167","Kent State",14,0,0,0,2,350,2004
"383","169","TCU",21,0,1,6,2.38,349,2004
"384","17","California",22,0,10,12,3.45,1646,2011
"385","17","Clemson",25,0,6,15,3.08,1431,2005
"386","17","Michigan",17,2,11,3,3.82,1667,2003
"387","17","Michigan State",23,0,10,10,3.3,1675,2009
"388","17","Minnesota",30,0,7,18,3.07,1395,2008
"389","17","Mississippi State",30,3,5,8,2.9,1813,2002
"390","17","Nebraska",25,0,5,19,3.16,1921,2013
"391","17","North Carolina",24,2,4,12,3,1510,2007
"392","17","Oregon",29,1,7,13,3.03,1901,2004
"393","17","Tennessee",21,0,10,9,3.38,1595,2012
"394","17","Texas A&M",24,0,9,13,3.29,1572,2010
"395","17","UCLA",22,0,7,13,3.23,1544,2006
"396","170","Georgia Tech",23,0,1,3,2.22,347,2004
"397","171","Stanford",12,0,2,3,2.58,332,2004
"398","172","UTEP",13,0,0,0,2,325,2004
"399","173","Navy",13,0,0,0,1.85,300,2004
"400","174","Minnesota",24,0,0,6,2.25,298,2004
"401","175","Indiana",25,0,0,6,2.24,266,2004
"402","176","Tulane",24,0,0,4,2.17,255,2004
"403","177","Utah",25,0,1,4,2.24,239,2004
"404","178","Memphis",24,0,1,3,2.21,230,2004
"405","178","Mississippi State",22,0,1,3,2.23,230,2004
"406","18","Alabama",32,0,6,21,3.03,1424,2005
"407","18","Arizona",25,1,6,17,3.28,1530,2006
"408","18","Arizona State",31,1,5,15,2.9,1745,2002
"409","18","Georgia Tech",20,0,8,10,3.3,1453,2007
"410","18","LSU",22,0,9,12,3.36,1567,2012
"411","18","Mississippi",25,0,8,16,3.28,1554,2010
"412","18","Mississippi",37,1,8,22,3.11,1628,2009
"413","18","South Carolina",32,1,6,25,3.25,1638,2011
"414","18","Tennessee",22,1,7,11,3.27,1634,2003
"415","18","Texas",20,1,9,9,3.5,1864,2004
"416","18","Virginia Tech",31,0,6,22,3.1,1375,2008
"417","18","Washington",22,0,7,15,3.32,1906,2013
"418","180","Louisville",23,0,1,1,2.13,222,2004
"419","181","Houston",26,0,0,2,2.08,186,2004
"420","182","Vanderbilt",19,0,0,2,2.11,179,2004
"421","183","Southern Miss",23,0,0,5,2.22,166,2004
"422","183","Tulsa",26,0,0,5,2.19,166,2004
"423","185","Utah State",24,0,1,2,2.17,155,2004
"424","186","Army",9,0,0,0,1.33,150,2004
"425","187","Duke",24,0,0,2,2.08,131,2004
"426","187","Marshall",23,0,0,2,2.09,131,2004
"427","189","North Texas",18,0,0,2,2.11,120,2004
"428","19","Auburn",28,0,9,16,3.21,1599,2009
"429","19","California",20,0,9,8,3.3,1512,2006
"430","19","Clemson",23,0,9,13,3.35,1551,2010
"431","19","Colorado",25,0,5,18,3.12,1631,2003
"432","19","Miami (FL)",19,1,7,8,3.21,1452,2007
"433","19","Mississippi",27,1,5,21,3.26,1573,2011
"434","19","Ohio State",24,1,9,9,3.25,1807,2004
"435","19","Oregon",20,0,8,9,3.25,1356,2008
"436","19","South Carolina",25,0,8,15,3.24,1534,2012
"437","19","Vanderbilt",26,0,5,20,3.15,1870,2013
"438","19","Virginia",22,1,5,12,3.14,1417,2005
"439","19","Washington",21,1,9,10,3.48,1673,2002
"440","190","Northern Illinois",22,0,0,1,2.05,119,2004
"441","190","Troy",25,0,0,1,2.04,119,2004
"442","190","Western Michigan",21,0,0,1,2.05,119,2004
"443","193","Southern Methodist",19,0,0,1,2.05,113,2004
"444","194","Bowling Green",18,0,0,1,2.06,108,2004
"445","195","Northwestern",15,0,0,2,2.13,104,2004
"446","196","Brigham Young",27,0,0,8,2.3,100,2004
"447","197","Cincinnati",16,0,0,1,2.06,97,2004
"448","198","East Carolina",28,0,0,5,2.18,85,2004
"449","199","Middle Tennessee",30,0,1,3,2.17,84,2004
"450","2","Florida",26,5,9,10,3.65,2358,2003
"451","2","Florida",27,4,17,5,3.89,2901,2006
"452","2","Florida",28,4,18,5,3.89,2938,2010
"453","2","Florida State",22,3,13,5,3.82,2582,2005
"454","2","Florida State",29,2,13,13,3.55,2365,2011
"455","2","LSU",24,4,11,9,3.79,2581,2009
"456","2","LSU",28,3,12,10,3.54,2492,2004
"457","2","Notre Dame",23,3,16,4,3.96,2744,2008
"458","2","Ohio State",24,2,16,6,3.83,2903,2013
"459","2","Tennessee",25,5,16,2,3.96,2534,2002
"460","2","Texas",28,2,15,10,3.64,2481,2012
"461","2","USC",18,6,10,2,4.22,2761,2007
"462","20","Auburn",29,2,4,16,3.03,1335,2008
"463","20","Florida",23,1,8,9,3.22,1672,2002
"464","20","Illinois",23,2,5,11,3,1448,2007
"465","20","Michigan",27,0,6,20,3.19,1479,2010
"466","20","Nebraska",22,1,5,15,3.27,1432,2006
"467","20","Notre Dame",17,1,8,7,3.53,1521,2012
"468","20","Stanford",22,0,8,12,3.27,1583,2009
"469","20","Tennessee",21,0,5,15,3.19,1820,2013
"470","20","Tennessee",24,2,8,8,3.25,1781,2004
"471","20","Texas",15,0,9,6,3.6,1409,2005
"472","20","Texas A&M",28,0,8,10,2.93,1781,2004
"473","20","Texas Tech",27,0,6,19,3.15,1457,2011
"474","20","Virginia",22,1,7,11,3.27,1627,2003
"475","200","Colorado State",27,0,0,4,2.15,80,2004
"476","201","Florida Atlantic",2,0,0,1,2.5,75,2004
"477","201","UAB",21,0,0,3,2.14,75,2004
"478","203","Boise State",27,0,0,2,2.07,70,2004
"479","203","UNLV",23,0,0,2,2.09,70,2004
"480","205","Arkansas State",28,0,0,1,2.04,65,2004
"481","205","Baylor",20,0,0,1,2.05,65,2004
"482","205","Connecticut",28,0,0,1,2.04,65,2004
"483","205","Louisiana Tech",29,0,0,1,2.03,65,2004
"484","205","New Mexico",26,0,0,1,2.04,65,2004
"485","205","Temple",30,0,0,1,2.03,65,2004
"486","205","UCF",22,0,0,1,2.05,65,2004
"487","205","Wyoming",21,0,0,1,2.05,65,2004
"488","21","Arizona",24,0,7,14,3.17,1395,2005
"489","21","Arizona State",27,0,6,19,3.15,1328,2008
"490","21","Florida State",19,1,8,10,3.53,1617,2003
"491","21","Florida State",20,0,7,10,3.2,1394,2007
"492","21","Michigan",20,0,6,13,3.25,1314,2011
"493","21","Missouri",23,0,7,16,3.3,1446,2010
"494","21","Notre Dame",18,1,9,5,3.44,1564,2009
"495","21","Oregon",19,1,7,7,3.26,1778,2013
"496","21","Penn State",22,0,11,8,3.36,1665,2002
"497","21","Pittsburgh",26,0,7,14,3.08,1412,2006
"498","21","Washington",25,1,5,14,3.08,1452,2012
"499","213","Wake Forest",16,0,0,3,2.19,63,2004
"500","214","Hawaii",8,0,0,2,2,61,2004
"501","215","Akron",22,0,0,0,2,60,2004
"502","215","Ball State",26,0,0,0,2,60,2004
"503","215","Eastern Michigan",22,0,0,0,2,60,2004
"504","215","Idaho",28,0,0,0,2,60,2004
"505","215","Louisiana-Lafayette",27,0,0,0,2,60,2004
"506","215","Louisiana-Monroe",21,0,0,0,2,60,2004
"507","215","Miami (OH)",24,0,0,0,1.96,60,2004
"508","215","Ohio",21,0,0,0,2,60,2004
"509","215","San Jose State",26,0,0,0,2,60,2004
"510","215","Toledo",23,0,0,0,2,60,2004
"511","215","Western Kentucky",3,0,0,0,1.67,60,2004
"512","22","Arizona State",23,1,4,16,3.17,1613,2003
"513","22","California",26,0,5,18,3,1378,2007
"514","22","Clemson",26,0,9,9,3.04,1635,2002
"515","22","LSU",13,1,7,5,3.69,1335,2005
"516","22","Nebraska",21,0,8,10,3.24,1407,2010
"517","22","Oklahoma State",29,0,6,18,3.03,1330,2006
"518","22","South Carolina",22,0,6,14,3.18,1322,2008
"519","22","Stanford",19,0,7,11,3.32,1311,2011
"520","22","Tennessee",24,2,8,8,3.25,1748,2004
"521","22","Texas A&M",28,1,4,21,3.14,1403,2009
"522","22","Virginia Tech",19,1,3,15,3.26,1758,2013
"523","22","Virginia Tech",28,0,7,19,3.18,1429,2012
"524","226","Buffalo",19,0,0,0,2,57,2004
"525","227","Central Michigan",17,0,0,0,2,51,2004
"526","227","Nevada",17,0,0,0,2,51,2004
"527","229","FIU",2,0,0,0,2,50,2004
"528","23","California",19,0,7,10,3.26,1316,2012
"529","23","Georgia",20,1,10,8,3.55,1742,2004
"530","23","Illinois",28,0,6,16,3,1293,2008
"531","23","South Carolina",28,0,6,15,2.96,1310,2005
"532","23","Tennessee",22,1,4,13,3.09,1245,2006
"533","23","Texas",15,0,9,6,3.6,1737,2013
"534","23","Texas A&M",23,1,6,12,3.17,1615,2002
"535","23","Virginia Tech",20,0,5,15,3.25,1350,2010
"536","23","Virginia Tech",22,0,5,14,3.09,1357,2009
"537","23","Washington",23,0,5,15,3.09,1300,2011
"538","23","Washington",27,0,2,22,2.96,1611,2003
"539","23","West Virginia",28,1,4,16,2.96,1367,2007
"540","230","New Mexico State",16,0,0,0,2,48,2004
"541","231","Massachusetts",3,0,0,0,1.33,45,2004
"542","232","Fresno State",14,0,0,0,2,42,2004
"543","232","Rice",14,0,0,0,2,42,2004
"544","234","Kent State",13,0,0,0,2,39,2004
"545","234","UTEP",13,0,0,0,2,39,2004
"546","236","Air Force",12,0,0,1,1.67,33,2004
"547","237","Navy",10,0,0,0,2,30,2004
"548","238","Army",3,0,0,0,1.33,6,2004
"549","239","Massachusetts",3,0,0,0,1.33,5,2004
"550","24","Alabama",29,0,4,18,2.9,1739,2004
"551","24","Arkansas",24,1,3,15,3,1293,2005
"552","24","Arkansas",30,0,4,24,3.07,1189,2011
"553","24","Boston College",24,0,3,20,3.08,1529,2003
"554","24","Notre Dame",18,0,12,4,3.56,1570,2002
"555","24","Penn State",21,0,8,8,3.14,1305,2007
"556","24","Penn State",27,0,7,12,2.96,1335,2009
"557","24","Rutgers",19,1,4,13,3.26,1296,2012
"558","24","South Carolina",23,1,5,11,3.04,1342,2010
"559","24","South Carolina",24,0,6,14,3.08,1236,2006
"560","24","Washington",26,0,5,14,2.92,1255,2008
"561","24","West Virginia",28,0,2,22,2.96,1722,2013
"562","25","Arizona",29,0,4,14,2.76,1523,2002
"563","25","Arkansas",24,0,6,13,3.04,1523,2002
"564","25","Mississippi State",21,1,2,16,3.1,1712,2013
"565","25","Mississippi State",27,0,7,17,3.15,1332,2009
"566","25","Missouri",23,1,2,16,3,1214,2008
"567","25","Nebraska",17,0,6,11,3.35,1257,2012
"568","25","Ohio State",19,0,8,9,3.32,1327,2010
"569","25","Oklahoma",18,3,8,6,3.72,1687,2004
"570","25","Oklahoma State",28,1,3,14,2.82,1523,2002
"571","25","Penn State",19,2,2,10,3.05,1152,2005
"572","25","Stanford",25,0,5,10,2.8,1482,2003
"573","25","Texas Tech",34,0,4,22,2.88,1194,2006
"574","25","Virginia",24,0,7,11,3.04,1267,2007
"575","25","Virginia",26,0,5,17,3.04,1144,2011
"576","26","Arkansas",23,0,4,14,2.96,1691,2013
"577","26","Maryland",26,0,6,16,3.08,1266,2009
"578","26","Oklahoma State",27,0,6,16,3.04,1211,2008
"579","26","Oregon",24,0,5,13,2.96,1450,2003
"580","26","Pittsburgh",24,0,6,13,3.04,1265,2007
"581","26","Stanford",23,0,5,16,3.13,1314,2010
"582","26","TCU",25,0,2,23,3.08,1122,2011
"583","26","Texas",20,1,9,9,3.5,1682,2004
"584","26","Texas A&M",23,0,4,16,3.04,1183,2006
"585","26","Texas Tech",26,0,3,21,3.04,1139,2012
"586","26","UCLA",21,1,3,12,3,1107,2005
"587","27","Arkansas",26,1,4,14,2.96,1172,2006
"588","27","Arkansas",32,0,4,15,2.72,1665,2004
"589","27","Kansas State",32,0,4,22,2.94,1194,2008
"590","27","Mississippi",22,0,6,12,3.09,1203,2007
"591","27","North Carolina State",23,0,5,9,2.83,1077,2005
"592","27","Texas A&M",22,0,3,15,2.95,1098,2011
"593","27","Virginia",22,1,2,15,3,1660,2013
"594","27","Virginia",26,0,4,16,2.92,1126,2012
"595","27","Virginia Tech",24,0,6,10,2.92,1445,2003
"596","27","West Virginia",20,0,5,13,3.15,1281,2010
"597","27","West Virginia",25,0,6,15,3.08,1234,2009
"598","28","Arizona State",24,0,5,15,3.04,1163,2006
"599","28","Iowa",22,0,5,11,2.95,1167,2007
"600","28","Miami (FL)",17,0,8,8,3.41,1656,2013
"601","28","Missouri",22,0,4,14,3,1410,2003
"602","28","Nebraska",20,0,5,15,3.25,1233,2009
"603","28","Oklahoma State",27,0,2,22,2.96,1096,2011
"604","28","Oregon",23,1,2,13,2.87,1049,2005
"605","28","Oregon",30,1,7,13,3,1649,2004
"606","28","Pittsburgh",19,1,5,9,3.16,1179,2008
"607","28","Utah",28,0,5,19,3.04,1088,2012
"608","28","Washington",31,0,5,24,3.1,1214,2010
"609","28","Washington State",29,1,4,8,2.66,1441,2002
"610","29","Arkansas",25,0,3,14,2.8,1400,2003
"611","29","Kentucky",22,0,3,17,3.05,1641,2013
"612","29","Louisville",20,0,4,15,3.15,1086,2011
"613","29","Maryland",22,1,6,7,3,1149,2006
"614","29","Mississippi",31,1,2,15,2.71,1165,2008
"615","29","Missouri",22,0,6,12,3.09,1388,2002
"616","29","North Carolina",21,0,4,16,3.14,1195,2010
"617","29","Penn State",25,2,2,15,3,1608,2004
"618","29","Purdue",21,1,3,12,3,967,2005
"619","29","South Florida",30,0,6,18,3,1197,2009
"620","29","Vanderbilt",22,0,3,19,3.14,1069,2012
"621","29","Virginia Tech",26,1,2,14,2.73,1160,2007
"622","3","Florida",22,4,12,4,3.82,2600,2008
"623","3","Florida",23,3,11,8,3.7,2421,2012
"624","3","Florida State",31,2,18,10,3.68,2703,2006
"625","3","Georgia",29,1,18,8,3.62,2447,2002
"626","3","LSU",26,3,12,10,3.65,2402,2004
"627","3","Notre Dame",24,4,14,6,3.92,2893,2013
"628","3","Ohio State",25,2,15,8,3.76,2478,2009
"629","3","Oklahoma",27,2,14,10,3.63,2441,2005
"630","3","Tennessee",32,5,11,15,3.63,2726,2007
"631","3","Texas",22,1,15,6,3.77,2322,2011
"632","3","Texas",25,2,19,4,3.92,2728,2010
"633","3","USC",28,2,10,14,3.43,2327,2003
"634","30","Alabama",20,1,4,13,3.2,1365,2002
"635","30","Arizona State",22,1,4,12,2.95,1173,2009
"636","30","Baylor",22,0,3,15,2.95,1618,2013
"637","30","Illinois",26,1,2,13,2.77,1399,2003
"638","30","Illinois",27,0,6,12,2.89,1148,2006
"639","30","Iowa",24,0,4,16,3,1065,2011
"640","30","Iowa State",26,0,6,8,2.77,1365,2002
"641","30","Michigan State",22,1,4,12,3.05,1193,2010
"642","30","Mississippi",27,1,2,8,2.56,887,2005
"643","30","Mississippi State",28,0,4,21,3.04,1056,2012
"644","30","Nebraska",28,1,2,20,2.96,1159,2008
"645","30","North Carolina",28,0,6,14,2.93,1148,2006
"646","30","Oklahoma State",23,0,4,16,3.04,1143,2007
"647","30","Purdue",28,0,4,14,2.79,1579,2004
"648","31","Arkansas",27,0,4,17,2.93,1083,2007
"649","31","California",26,0,3,19,2.96,1600,2013
"650","31","Kansas",25,0,4,19,3.08,1155,2009
"651","31","Michigan State",21,0,2,17,3,1028,2011
"652","31","Missouri",19,1,1,16,3.11,1037,2012
"653","31","North Carolina State",25,0,6,10,2.88,1151,2008
"654","31","Oklahoma State",27,0,5,22,3.19,1170,2010
"655","31","Oregon State",36,0,2,17,2.39,1575,2004
"656","31","Purdue",26,0,3,12,2.69,1361,2003
"657","31","West Virginia",33,1,0,13,2.48,867,2005
"658","32","Arizona State",22,0,1,16,2.82,774,2005
"659","32","Colorado",28,1,2,14,2.68,1081,2007
"660","32","Kansas State",26,0,5,11,2.81,1510,2004
"661","32","Maryland",21,1,2,15,3.05,1350,2003
"662","32","Maryland",22,1,4,10,2.95,1589,2013
"663","32","Michigan State",20,0,6,10,3.1,1361,2002
"664","32","North Carolina",19,0,7,8,3.16,1120,2008
"665","32","Oklahoma State",24,0,3,17,2.96,1015,2012
"666","32","Oregon",26,0,4,16,2.92,1126,2009
"667","32","Rutgers",24,0,4,15,2.96,1014,2011
"668","32","Utah",22,0,4,16,3.09,1156,2010
"669","32","Virginia Tech",22,0,5,12,3,1122,2006
"670","33","Arizona",26,0,2,16,2.77,1340,2003
"671","33","Arizona State",24,0,3,18,3,1582,2013
"672","33","Boston College",29,0,3,18,2.83,1081,2008
"673","33","Michigan State",28,0,7,7,2.54,1112,2006
"674","33","Mississippi",18,1,8,7,3.44,1360,2002
"675","33","Mississippi State",27,0,3,9,2.56,767,2005
"676","33","Missouri",27,0,4,16,2.89,1059,2007
"677","33","Pittsburgh",24,0,4,19,3.13,1144,2010
"678","33","Purdue",26,0,2,22,3,1005,2012
"679","33","Texas A&M",28,0,8,10,2.93,1501,2004
"680","33","Texas Tech",25,0,5,15,3,1110,2009
"681","33","Virginia",25,0,5,11,2.84,1110,2009
"682","33","Virginia Tech",21,0,4,14,3.05,928,2011
"683","33","Wisconsin",23,0,2,13,2.74,767,2005
"684","34","Arkansas",24,0,2,21,3.04,1001,2012
"685","34","California",21,0,5,12,3.05,1070,2008
"686","34","Kansas",27,0,2,21,2.93,899,2011
"687","34","Louisville",25,0,4,15,2.92,975,2006
"688","34","North Carolina State",19,1,4,9,3.05,1092,2010
"689","34","North Carolina State",24,1,4,7,2.75,1338,2002
"690","34","Penn State",25,2,2,15,3,1430,2004
"691","34","Pittsburgh",26,0,0,19,2.73,1315,2003
"692","34","Pittsburgh",27,1,2,15,2.81,1568,2013
"693","34","Wisconsin",18,1,3,10,3.06,1056,2007
"694","35","Arizona State",26,0,5,17,3.04,1083,2010
"695","35","Illinois",23,0,7,8,2.78,1092,2009
"696","35","Louisville",31,0,2,8,2.39,1303,2003
"697","35","Maryland",22,0,4,14,3,1328,2002
"698","35","Maryland",23,1,2,14,2.91,975,2012
"699","35","Maryland",26,1,3,13,2.85,1024,2007
"700","35","Michigan State",24,0,1,16,2.75,762,2005
"701","35","Oklahoma State",23,0,3,17,3,1564,2013
"702","35","Penn State",16,0,5,8,3.13,890,2011
"703","35","Tennessee",18,0,4,11,3.06,1027,2008
"704","35","Washington",22,0,4,10,2.82,891,2006
"705","35","Washington State",27,0,4,9,2.63,1416,2004
"706","36","Arkansas",25,0,6,10,2.88,1015,2008
"707","36","Brigham Young",24,2,3,6,2.75,1268,2002
"708","36","Colorado",27,0,2,20,2.89,965,2012
"709","36","Kansas State",21,0,3,13,2.9,740,2005
"710","36","Kentucky",30,0,3,10,2.53,829,2006
"711","36","Maryland",21,0,4,15,3.1,1058,2010
"712","36","Maryland",22,0,5,11,2.95,1409,2004
"713","36","Miami (FL)",16,0,2,13,3.06,855,2011
"714","36","Oklahoma State",24,0,5,13,2.96,1049,2009
"715","36","TCU",22,0,1,17,2.9,1560,2013
"716","36","UCLA",19,0,6,9,3.11,1299,2003
"717","36","Washington",27,0,3,16,2.81,982,2007
"718","37","Arizona",23,0,4,16,3.04,1036,2010
"719","37","Arizona",25,0,2,18,2.88,1548,2013
"720","37","Auburn",29,0,4,10,2.48,1391,2004
"721","37","Boston College",20,0,2,13,2.85,794,2006
"722","37","Clemson",12,0,7,4,3.5,1019,2009
"723","37","Minnesota",26,0,2,14,2.69,1293,2003
"724","37","Rutgers",23,0,3,15,2.83,950,2007
"725","37","Southern Miss",27,1,2,14,2.78,998,2008
"726","37","TCU",22,0,3,17,3.05,952,2012
"727","37","Texas Tech",21,0,1,12,2.67,719,2005
"728","37","Utah",19,0,2,14,2.95,853,2011
"729","37","West Virginia",33,0,2,6,2.3,1245,2002
"730","38","Arizona State",23,0,3,15,2.91,944,2012
"731","38","Boston College",23,0,4,9,2.74,834,2011
"732","38","Kansas",25,0,1,16,2.72,762,2006
"733","38","Kansas State",33,0,3,16,2.67,873,2007
"734","38","Maryland",18,0,6,8,3.11,976,2008
"735","38","Mississippi",23,0,2,14,2.78,1287,2003
"736","38","Mississippi State",26,0,5,14,2.92,1032,2010
"737","38","Oregon State",25,0,1,21,2.92,1500,2013
"738","38","Pittsburgh",24,0,1,11,2.54,694,2005
"739","38","Purdue",27,0,2,11,2.48,1243,2002
"740","38","Rutgers",23,0,4,15,3,981,2009
"741","38","South Carolina",29,0,3,11,2.59,1382,2004
"742","39","Alabama",27,0,4,16,2.89,1366,2004
"743","39","Arizona",23,0,5,12,2.96,974,2008
"744","39","Baylor",23,0,4,17,3.09,1025,2010
"745","39","Iowa",21,0,2,11,2.71,735,2006
"746","39","Kansas",26,0,2,14,2.69,1283,2003
"747","39","Michigan State",18,0,3,14,3.11,1478,2013
"748","39","Minnesota",20,0,3,15,3.05,974,2009
"749","39","Mississippi State",34,0,4,13,2.62,871,2007
"750","39","Missouri",23,0,1,17,2.83,662,2005
"751","39","Oregon State",23,0,2,16,2.87,917,2012
"752","39","Pittsburgh",24,0,4,7,2.63,1238,2002
"753","39","UCF",29,0,3,19,2.86,778,2011
"754","4","Auburn",32,3,13,13,3.5,2485,2010
"755","4","Florida",29,2,14,12,3.59,2792,2013
"756","4","Florida State",23,6,14,2,4.09,2415,2002
"757","4","Florida State",27,1,16,8,3.59,2377,2004
"758","4","Georgia",28,2,14,12,3.64,2436,2006
"759","4","LSU",26,2,19,5,3.88,2695,2007
"760","4","Ohio State",20,4,9,7,3.85,2481,2008
"761","4","Ohio State",25,2,14,9,3.72,2382,2012
"762","4","Oklahoma",24,0,16,6,3.58,2121,2003
"763","4","Tennessee",27,1,16,9,3.63,2403,2005
"764","4","USC",19,4,11,2,3.89,2410,2009
"765","4","USC",30,1,14,13,3.47,2315,2011
"766","40","Brigham Young",27,0,3,15,2.78,997,2010
"767","40","Kansas",20,0,2,18,3.1,899,2008
"768","40","Mississippi",19,0,2,14,2.95,907,2012
"769","40","Missouri",20,0,1,18,3,1462,2013
"770","40","Missouri",25,1,1,15,2.8,970,2009
"771","40","Nebraska",18,1,5,8,3.17,1233,2002
"772","40","Notre Dame",15,0,2,11,3,661,2005
"773","40","Texas Tech",26,1,4,7,2.69,1365,2004
"774","40","UCLA",11,0,6,4,3.27,848,2007
"775","40","Wisconsin",20,0,3,15,3.05,767,2011
"776","40","Wisconsin",22,1,3,10,2.82,1278,2003
"777","40","Wisconsin",23,0,3,10,2.7,672,2006
"778","41","Georgia Tech",22,0,1,18,2.91,759,2011
"779","41","Illinois",23,0,2,13,2.74,1215,2002
"780","41","Kentucky",29,0,3,16,2.69,958,2009
"781","41","Louisville",17,1,2,11,3.06,845,2007
"782","41","Michigan State",18,0,3,14,3.11,876,2012
"783","41","Michigan State",30,0,6,16,2.93,1347,2004
"784","41","North Carolina",17,0,2,15,3.12,1460,2013
"785","41","Ohio State",16,0,7,8,3.38,1267,2003
"786","41","Oregon State",33,0,2,14,2.36,650,2006
"787","41","Stanford",16,0,4,5,2.81,640,2005
"788","41","Texas Tech",25,0,5,15,3,986,2010
"789","41","Wisconsin",24,0,3,14,2.83,829,2008
"790","42","California",20,0,6,8,2.9,931,2009
"791","42","Illinois",27,0,1,21,2.85,711,2011
"792","42","Iowa",21,0,4,13,3,977,2010
"793","42","Louisville",22,0,3,16,3,873,2012
"794","42","Michigan State",23,0,3,12,2.7,808,2007
"795","42","Nebraska",19,0,4,12,3.05,1230,2003
"796","42","North Carolina",24,0,1,13,2.63,1210,2002
"797","42","Oklahoma State",21,1,0,13,2.76,628,2005
"798","42","Penn State",17,1,3,8,3,1456,2013
"799","42","Rutgers",26,0,2,10,2.54,648,2006
"800","42","Washington",23,1,3,9,2.78,1320,2004
"801","42","West Virginia",27,0,3,10,2.52,757,2008
"802","43","Boston College",17,0,5,11,3.24,1191,2002
"803","43","Colorado",25,0,1,15,2.68,613,2005
"804","43","Georgia Tech",18,0,5,11,3.17,950,2010
"805","43","Indiana",22,0,4,13,2.95,1455,2013
"806","43","Iowa",21,0,3,11,2.81,1190,2003
"807","43","Iowa",24,0,4,15,2.96,853,2012
"808","43","Kansas State",30,0,2,11,2.5,647,2006
"809","43","Maryland",21,0,1,15,2.81,692,2011
"810","43","Penn State",14,0,4,6,3,700,2008
"811","43","Texas A&M",19,0,4,11,2.89,795,2007
"812","43","UCLA",26,0,1,14,2.62,1307,2004
"813","43","Utah",23,0,1,20,2.96,1455,2013
"814","43","Wisconsin",21,0,5,11,3,923,2009
"815","44","Arizona",18,0,4,9,2.72,792,2007
"816","44","Mississippi State",22,0,1,21,3.05,673,2011
"817","44","Mississippi State",27,0,4,7,2.56,686,2008
"818","44","North Carolina",23,0,3,18,3.04,813,2012
"819","44","North Carolina",24,0,1,10,2.5,594,2005
"820","44","North Carolina",25,0,3,10,2.56,1301,2004
"821","44","Oregon State",18,0,4,12,3.11,924,2010
"822","44","Syracuse",25,0,2,11,2.52,1190,2002
"823","44","Texas Tech",25,0,2,11,2.6,1150,2003
"824","44","Utah",25,1,2,14,2.84,886,2009
"825","44","Virginia",23,0,3,8,2.52,604,2006
"826","45","Arizona",24,0,3,17,2.96,830,2009
"827","45","Arizona State",24,0,2,13,2.63,783,2007
"828","45","Baylor",24,0,3,18,3,810,2012
"829","45","Houston",27,0,2,18,2.81,835,2010
"830","45","Louisville",27,0,4,8,2.59,541,2005
"831","45","Mississippi",25,0,3,11,2.6,1296,2004
"832","45","Rutgers",22,0,1,16,2.82,1452,2013
"833","45","Rutgers",24,0,1,13,2.63,1143,2003
"834","45","Texas Tech",16,0,3,10,3,678,2008
"835","45","UCLA",16,0,3,10,3,636,2011
"836","45","Virginia Tech",21,1,3,8,2.81,1180,2002
"837","45","Washington State",24,0,1,12,2.58,596,2006
"838","46","Arizona",24,0,2,17,2.88,808,2012
"839","46","Baylor",19,0,1,16,2.95,628,2011
"840","46","Boston College",18,0,2,11,2.83,756,2007
"841","46","Duke",23,0,1,6,2.26,496,2005
"842","46","Iowa State",26,0,0,12,2.46,1120,2003
"843","46","Kansas",24,0,2,19,2.96,1440,2013
"844","46","Mississippi State",24,0,3,10,2.67,595,2006
"845","46","Missouri",25,0,5,4,2.56,1293,2004
"846","46","Rutgers",20,0,3,7,2.65,662,2008
"847","46","Southern Miss",29,0,3,4,2.34,1163,2002
"848","46","TCU",18,0,2,16,3.11,823,2010
"849","46","TCU",20,0,4,12,3,827,2009
"850","46","West Virginia",25,0,0,13,2.52,1120,2003
"851","47","Boston College",21,0,2,14,2.86,815,2010
"852","47","Illinois",25,0,2,14,2.72,1425,2013
"853","47","Maryland",22,0,6,10,3,1261,2004
"854","47","Michigan State",21,0,1,13,2.71,623,2008
"855","47","Missouri",25,0,1,13,2.52,564,2006
"856","47","North Carolina State",23,0,0,19,2.83,1425,2013
"857","47","Oregon State",20,0,2,8,2.6,493,2005
"858","47","Oregon State",35,0,2,16,2.51,690,2007
"859","47","Pittsburgh",16,0,4,10,3.13,795,2012
"860","47","Pittsburgh",20,0,4,11,2.95,804,2009
"861","47","Rutgers",24,0,4,6,2.58,1150,2002
"862","47","West Virginia",22,0,3,15,2.95,624,2011
"863","48","Colorado",19,0,4,8,2.84,744,2009
"864","48","Colorado",22,0,0,14,2.64,520,2006
"865","48","Iowa State",29,0,1,10,2.38,1211,2004
"866","48","Kansas",26,0,1,15,2.65,435,2005
"867","48","Louisville",28,0,3,18,2.86,778,2010
"868","48","Missouri",17,0,1,16,3.06,607,2011
"869","48","San Diego State",28,0,2,4,2.29,1103,2003
"870","48","Syracuse",26,0,4,6,2.54,621,2008
"871","48","Syracuse",27,0,1,13,2.56,679,2007
"872","48","Texas Tech",26,0,2,9,2.42,1145,2002
"873","48","West Virginia",28,0,1,24,2.93,787,2012
"874","49","Alabama",17,0,4,10,3.06,1102,2003
"875","49","Arizona",29,0,1,10,2.38,1210,2004
"876","49","Arkansas",25,0,3,18,2.96,766,2010
"877","49","Boston College",16,0,2,9,2.81,434,2005
"878","49","Cincinnati",24,0,1,20,2.92,605,2011
"879","49","Georgia Tech",20,0,1,11,2.65,581,2008
"880","49","Georgia Tech",21,0,1,17,2.9,732,2009
"881","49","North Carolina State",25,0,2,12,2.64,565,2007
"882","49","Oregon",21,0,1,12,2.67,515,2006
"883","49","Oregon",23,2,2,3,2.57,1123,2002
"884","49","South Florida",20,0,2,16,3,780,2012
"885","49","South Florida",23,0,2,16,2.87,1410,2013
"886","5","Alabama",26,1,15,9,3.62,2308,2010
"887","5","Florida State",26,1,16,7,3.62,2353,2004
"888","5","Georgia",26,2,12,11,3.58,2309,2011
"889","5","Miami (FL)",24,3,10,10,3.63,2067,2003
"890","5","Miami (FL)",33,2,15,8,3.33,2467,2008
"891","5","Michigan",27,1,16,9,3.63,2661,2013
"892","5","Nebraska",30,2,11,12,3.33,2178,2005
"893","5","Ohio State",26,3,14,8,3.65,2342,2002
"894","5","Stanford",22,3,10,9,3.73,2297,2012
"895","5","Texas",20,3,11,6,3.85,2375,2009
"896","5","Texas",24,2,16,5,3.79,2562,2007
"897","5","Texas",25,2,11,12,3.6,2283,2006
"898","50","Brigham Young",21,0,2,14,2.86,640,2009
"899","50","Cincinnati",29,0,0,25,2.86,756,2012
"900","50","Georgia Tech",21,0,2,10,2.67,1096,2003
"901","50","Houston",25,0,0,17,2.68,1365,2013
"902","50","Kansas",23,0,1,13,2.57,491,2007
"903","50","Kentucky",26,0,1,18,2.77,742,2010
"904","50","Purdue",27,0,1,10,2.3,490,2006
"905","50","South Florida",21,0,1,7,2.43,417,2005
"906","50","Southern Methodist",27,0,1,20,2.81,504,2011
"907","50","Stanford",17,0,2,8,2.71,502,2008
"908","50","Syracuse",32,0,0,9,2.28,1195,2004
"909","50","Wisconsin",25,0,1,10,2.48,1120,2002
"910","51","Baylor",22,0,1,8,2.45,453,2008
"911","51","California",19,0,6,6,2.95,1193,2004
"912","51","Duke",27,0,2,13,2.63,634,2009
"913","51","Illinois",21,0,3,6,2.57,385,2005
"914","51","Iowa",22,0,2,9,2.59,1100,2002
"915","51","Iowa State",23,0,0,15,2.65,478,2011
"916","51","Minnesota",25,0,2,18,2.88,702,2010
"917","51","North Carolina State",21,0,0,10,2.48,478,2006
"918","51","Oregon State",23,0,0,13,2.57,1075,2003
"919","51","Penn State",19,0,2,11,2.79,708,2012
"920","51","Stanford",19,0,1,10,2.63,480,2007
"921","51","Texas Tech",23,0,1,12,2.61,1344,2013
"922","52","Duke",20,0,1,10,2.6,621,2012
"923","52","Fresno State",21,0,1,15,2.81,630,2010
"924","52","Kentucky",28,0,1,10,2.36,1185,2004
"925","52","Louisville",17,0,2,13,3,1342,2013
"926","52","Minnesota",24,0,0,19,2.79,468,2011
"927","52","North Carolina State",27,0,1,19,2.78,618,2009
"928","52","Northwestern",20,0,0,10,2.5,382,2005
"929","52","Oregon State",18,1,0,10,2.72,450,2008
"930","52","Oregon State",21,0,3,9,2.71,1075,2002
"931","52","Syracuse",24,0,2,6,2.42,451,2006
"932","52","Texas Tech",26,0,1,17,2.73,469,2007
"933","52","UCF",26,0,0,9,2.35,1055,2003
"934","52","Washington State",20,0,0,10,2.5,382,2005
"935","53","Boise State",19,0,0,11,2.58,453,2011
"936","53","Boston College",20,1,1,11,2.8,1168,2004
"937","53","Fresno State",27,0,2,3,2.26,1045,2002
"938","53","Iowa",21,0,0,17,2.81,1335,2013
"939","53","Iowa",24,0,0,13,2.54,428,2008
"940","53","North Carolina State",22,0,0,17,2.77,618,2012
"941","53","Northwestern",19,0,0,14,2.74,459,2007
"942","53","Northwestern",19,0,1,15,2.89,1335,2013
"943","53","Southern Miss",22,0,3,15,2.95,610,2009
"944","53","Southern Miss",26,0,2,19,2.88,629,2010
"945","53","Syracuse",23,0,1,9,2.48,1045,2003
"946","53","Washington State",22,0,1,16,2.82,1335,2013
"947","53","West Virginia",16,0,0,10,2.63,431,2006
"948","54","Boise State",22,0,0,13,2.59,605,2012
"949","54","Kansas State",26,0,5,11,2.81,1162,2004
"950","54","Kentucky",29,0,1,9,2.31,452,2007
"951","54","Marshall",29,0,0,18,2.62,451,2011
"952","54","Oregon State",24,0,1,13,2.63,595,2009
"953","54","Purdue",24,0,1,13,2.63,564,2010
"954","54","South Florida",24,0,2,9,2.46,391,2008
"955","54","Stanford",16,1,4,6,3.06,1040,2002
"956","54","Stanford",18,0,0,10,2.44,409,2006
"957","54","TCU",21,0,1,6,2.38,349,2005
"958","54","UNLV",28,0,1,5,2.25,1043,2003
"959","55","Arizona",21,0,1,15,2.81,435,2011
"960","55","Arizona State",22,0,1,12,2.64,1147,2004
"961","55","Baylor",28,0,3,14,2.71,590,2009
"962","55","Kansas",18,0,2,12,2.89,555,2010
"963","55","Louisville",22,0,1,11,2.59,378,2008
"964","55","Minnesota",18,0,1,10,2.67,335,2005
"965","55","Minnesota",28,0,0,7,2.25,1035,2002
"966","55","Oregon State",24,0,1,15,2.71,435,2011
"967","55","Southern Miss",32,0,1,7,2.16,439,2007
"968","55","Temple",28,0,1,4,2.21,1026,2003
"969","55","Utah",25,0,1,9,2.44,406,2006
"970","55","Washington State",27,0,2,15,2.7,602,2012
"971","56","Brigham Young",26,0,1,10,2.46,427,2007
"972","56","Duke",26,0,1,8,2.38,400,2006
"973","56","Georgia Tech",17,0,2,13,3,587,2012
"974","56","Louisiana-Lafayette",31,0,0,4,2.13,1015,2003
"975","56","Purdue",23,0,1,15,2.74,1294,2013
"976","56","Syracuse",20,0,1,6,2.4,290,2005
"977","56","Tulsa",25,0,1,14,2.64,512,2009
"978","56","UCF",18,0,0,11,2.61,317,2008
"979","56","UCF",21,0,3,7,2.62,1033,2002
"980","56","UCF",22,0,2,12,2.73,515,2010
"981","56","Virginia Tech",20,0,4,8,2.8,1115,2004
"982","56","Wisconsin",12,0,3,7,3.08,587,2012
"983","57","Arizona State",14,0,2,7,2.64,413,2011
"984","57","Georgia Tech",16,0,1,9,2.69,372,2006
"985","57","Houston",27,0,1,10,2.15,1030,2002
"986","57","Kentucky",20,0,1,8,2.5,315,2008
"987","57","Memphis",27,0,1,13,2.48,511,2010
"988","57","Minnesota",24,0,1,9,2.46,406,2007
"989","57","San Diego State",27,0,2,11,2.56,286,2005
"990","57","South Florida",25,0,2,7,2.36,1110,2004
"991","57","Troy",40,0,2,10,2.35,500,2009
"992","57","Wake Forest",23,0,0,12,2.52,1010,2003
"993","57","Wisconsin",17,0,3,11,3,1268,2013
"994","58","Colorado State",27,0,1,13,2.56,491,2010
"995","58","Fresno State",23,0,0,10,2.43,314,2008
"996","58","Iowa State",25,0,1,12,2.56,1245,2013
"997","58","Iowa State",25,0,2,9,2.52,277,2005
"998","58","Kansas",22,0,1,10,2.45,1005,2002
"999","58","Kansas State",21,0,1,14,2.76,580,2012
"1000","58","Marshall",22,0,3,8,2.64,1245,2013
"1001","58","Middle Tennessee",30,0,0,5,2.17,1005,2003
"1002","58","Nebraska",20,0,2,11,2.55,1109,2004
"1003","58","Northwestern",18,0,1,10,2.67,471,2009
"1004","58","Pittsburgh",20,0,2,10,2.7,385,2011
"1005","58","South Florida",27,1,0,10,2.48,381,2007
"1006","58","Southern Miss",28,0,0,8,2.29,326,2006
"1007","58","Wake Forest",17,0,0,8,2.47,314,2008
"1008","58","Wake Forest",23,0,0,16,2.7,1245,2013
"1009","59","Baylor",20,0,1,5,2.35,264,2005
"1010","59","Cincinnati",22,0,1,10,2.55,490,2010
"1011","59","Houston",24,0,1,16,2.75,531,2012
"1012","59","Indiana",19,0,0,13,2.68,455,2009
"1013","59","Indiana",21,0,1,12,2.67,384,2011
"1014","59","Indiana",26,0,0,8,2.31,990,2003
"1015","59","Louisville",23,0,2,5,2.39,970,2002
"1016","59","North Carolina State",18,1,3,7,2.89,1097,2004
"1017","59","Purdue",19,0,1,11,2.68,371,2007
"1018","59","South Florida",28,0,1,8,2.36,315,2006
"1019","59","Utah",24,0,1,5,2.29,264,2005
"1020","6","Auburn",33,1,11,16,3.21,2296,2002
"1021","6","Florida State",19,3,10,5,3.79,2263,2012
"1022","6","Georgia",19,1,14,4,3.84,2179,2009
"1023","6","Georgia",25,2,8,13,3.4,1947,2003
"1024","6","LSU",22,3,9,9,3.64,2224,2011
"1025","6","LSU",26,2,15,9,3.73,2643,2013
"1026","6","LSU",29,1,15,13,3.59,2255,2010
"1027","6","Miami (FL)",28,3,10,9,3.36,2329,2004
"1028","6","Michigan",23,1,10,11,3.48,1995,2005
"1029","6","Oklahoma",21,3,12,5,3.81,2422,2008
"1030","6","Penn State",24,1,14,8,3.63,2241,2006
"1031","6","South Carolina",31,1,14,13,3.42,2190,2007
"1032","60","Cincinnati",25,0,2,8,2.48,430,2009
"1033","60","Iowa State",25,0,1,9,2.44,343,2007
"1034","60","Iowa State",28,0,2,16,2.71,472,2010
"1035","60","Kansas State",16,0,4,8,3,989,2003
"1036","60","Memphis",24,0,2,4,2.33,965,2002
"1037","60","Northwestern",21,0,2,12,2.76,525,2012
"1038","60","San Diego State",23,0,0,13,2.57,365,2011
"1039","60","TCU",18,0,0,10,2.56,299,2006
"1040","60","Utah",15,0,1,9,2.73,297,2008
"1041","60","Wisconsin",23,0,1,9,2.48,1092,2004
"1042","61","Brigham Young",15,0,2,9,2.87,514,2012
"1043","61","Clemson",27,0,1,7,2.33,1085,2004
"1044","61","Colorado State",27,0,1,2,2.15,945,2002
"1045","61","Houston",25,0,1,11,2.52,378,2009
"1046","61","Kentucky",24,0,1,21,2.96,357,2011
"1047","61","Minnesota",19,0,0,14,2.74,1215,2013
"1048","61","Minnesota",22,0,0,9,2.23,297,2006
"1049","61","South Florida",28,0,0,5,2.18,985,2003
"1050","61","Tulsa",22,0,0,7,2.32,262,2005
"1051","61","UCF",29,0,1,7,2.31,298,2007
"1052","61","Vanderbilt",24,0,1,17,2.79,469,2010
"1053","61","Virginia",18,0,1,7,2.5,284,2008
"1054","62","Baylor",25,0,1,7,2.12,940,2002
"1055","62","Boise State",22,0,0,13,2.59,1200,2013
"1056","62","Brigham Young",19,0,1,9,2.58,325,2011
"1057","62","Georgia Tech",19,0,0,7,2.37,255,2005
"1058","62","Iowa State",24,0,1,6,2.33,281,2008
"1059","62","Kent State",23,0,1,5,2.22,357,2009
"1060","62","Kentucky",26,0,1,21,2.88,504,2012
"1061","62","Oklahoma State",19,0,3,7,2.68,1066,2004
"1062","62","South Florida",20,0,2,13,2.85,464,2010
"1063","62","Southern Methodist",23,0,0,10,2.43,980,2003
"1064","62","Vanderbilt",25,0,0,6,2.24,292,2006
"1065","62","Washington State",27,0,1,14,2.44,280,2007
"1066","63","Boston College",16,0,2,8,2.75,468,2012
"1067","63","Brigham Young",16,0,1,3,2.31,254,2005
"1068","63","Georgia Tech",16,0,3,8,2.88,920,2002
"1069","63","Iowa",19,0,2,5,2.47,343,2009
"1070","63","Iowa State",30,0,0,15,2.5,285,2006
"1071","63","Kansas State",17,0,2,12,2.94,458,2010
"1072","63","Kentucky",21,0,1,8,2.48,965,2003
"1073","63","Purdue",26,0,1,10,2.38,278,2008
"1074","63","San Diego State",22,0,0,8,2.27,279,2007
"1075","63","South Florida",21,0,1,16,2.86,322,2011
"1076","63","Stanford",12,0,4,8,3.33,1176,2013
"1077","63","West Virginia",24,0,2,7,2.38,1061,2004
"1078","64","Akron",24,0,0,4,2.17,265,2006
"1079","64","Baylor",29,0,1,12,2.34,274,2007
"1080","64","Boise State",16,0,1,5,2.44,235,2005
"1081","64","California",21,0,3,3,2.43,910,2002
"1082","64","Colorado State",27,0,0,11,2.41,310,2011
"1083","64","Connecticut",25,0,0,12,2.48,1155,2013
"1084","64","Illinois",19,0,0,14,2.74,459,2012
"1085","64","Middle Tennessee",25,0,1,6,2.32,272,2008
"1086","64","Rutgers",24,0,2,14,2.75,454,2010
"1087","64","UAB",30,0,0,2,2.07,940,2003
"1088","64","Virginia",19,0,3,8,2.74,1059,2004
"1089","64","Wake Forest",23,0,0,11,2.48,331,2009
"1090","65","Arkansas State",29,0,1,0,2.07,930,2003
"1091","65","Brigham Young",28,0,0,8,2.29,1040,2004
"1092","65","Connecticut",29,0,1,5,2.24,272,2007
"1093","65","Duke",17,0,0,7,2.41,241,2008
"1094","65","Fresno State",29,0,0,10,2.34,1110,2013
"1095","65","Hawaii",28,0,0,11,2.39,404,2010
"1096","65","Kansas State",19,0,2,9,2.72,1110,2013
"1097","65","Memphis",29,0,0,17,2.59,309,2011
"1098","65","Middle Tennessee",25,0,2,5,1.96,890,2002
"1099","65","Northwestern",22,0,1,6,2.27,890,2002
"1100","65","Syracuse",21,0,0,13,2.62,437,2012
"1101","65","UAB",24,0,1,11,2.54,262,2006
"1102","65","UAB",28,0,0,13,2.18,317,2009
"1103","65","Wake Forest",19,0,0,5,2.26,221,2005
"1104","65","Western Michigan",25,0,1,1,2.12,241,2008
"1105","66","Colorado",22,0,0,15,2.68,399,2010
"1106","66","Indiana",25,0,0,18,2.72,436,2012
"1107","66","Marshall",26,0,0,8,2.15,271,2007
"1108","66","Marshall",30,0,0,4,2.13,240,2006
"1109","66","Michigan State",19,0,1,10,2.63,925,2003
"1110","66","San Diego State",23,0,2,5,2.39,1033,2004
"1111","66","Toledo",20,0,1,7,2.45,298,2011
"1112","66","UCF",24,0,1,8,2.42,315,2009
"1113","66","Washington",13,0,2,3,2.54,216,2005
"1114","67","Brigham Young",26,0,0,5,2.19,228,2006
"1115","67","Cincinnati",24,0,0,6,2.25,230,2008
"1116","67","Clemson",17,0,2,10,2.82,923,2003
"1117","67","Colorado",19,0,0,13,2.68,1095,2013
"1118","67","Duke",20,0,0,11,2.55,1095,2013
"1119","67","East Carolina",26,0,1,8,2.38,295,2011
"1120","67","Hawaii",22,1,1,2,2.32,883,2002
"1121","67","Iowa",21,1,1,7,2.48,1019,2004
"1122","67","Kentucky",26,0,0,4,2.15,211,2005
"1123","67","Marshall",21,0,1,10,2.57,427,2012
"1124","67","Memphis",21,0,1,8,2.48,305,2009
"1125","67","Vanderbilt",14,0,1,5,2.5,270,2007
"1126","67","Virginia",18,0,1,12,2.78,392,2010
"1127","68","Arkansas State",29,0,0,17,2.59,420,2012
"1128","68","Baylor",29,0,0,10,2.34,226,2006
"1129","68","Boise State",29,0,0,7,2.24,262,2007
"1130","68","Duke",22,0,1,4,2.27,845,2002
"1131","68","Houston",24,0,0,7,2.29,920,2003
"1132","68","Kansas State",25,0,0,17,2.68,291,2011
"1133","68","Rutgers",22,0,1,5,2.32,191,2005
"1134","68","Toledo",24,0,0,5,2.13,221,2008
"1135","68","Toledo",27,0,1,13,2.56,388,2010
"1136","68","Washington",19,0,1,15,2.89,286,2009
"1137","68","Washington",23,1,3,9,2.78,1011,2004
"1138","69","Akron",24,0,1,6,2.33,281,2009
"1139","69","Arkansas State",24,0,1,0,2.08,780,2002
"1140","69","East Carolina",27,0,0,4,2.15,205,2006
"1141","69","Idaho",25,0,0,1,2.04,780,2002
"1142","69","Marshall",21,0,0,8,2.38,202,2008
"1143","69","Middle Tennessee",30,0,1,3,2.17,1010,2004
"1144","69","Northwestern",22,0,0,8,2.36,910,2003
"1145","69","Southern Methodist",25,0,0,1,2.04,780,2002
"1146","69","TCU",21,0,1,6,2.38,910,2003
"1147","69","Toledo",19,0,0,6,2.32,238,2007
"1148","69","Toledo",23,0,0,8,2.35,1080,2013
"1149","69","Troy",33,0,0,8,2.24,202,2008
"1150","69","UAB",27,0,1,3,2.19,176,2005
"1151","69","Wake Forest",14,0,0,11,2.79,288,2011
"1152","69","Wake Forest",19,0,0,16,2.84,409,2012
"1153","69","Wake Forest",19,0,1,12,2.74,377,2010
"1154","7","Auburn",24,1,13,10,3.63,2194,2011
"1155","7","Auburn",30,0,13,15,3.37,2013,2007
"1156","7","Florida State",21,2,10,8,3.62,2154,2009
"1157","7","Georgia",24,2,13,8,3.67,2321,2008
"1158","7","LSU",26,2,12,11,3.5,2219,2006
"1159","7","Miami (FL)",17,2,11,3,3.82,1976,2005
"1160","7","Miami (FL)",28,3,10,9,3.36,2237,2004
"1161","7","Michigan",25,2,10,13,3.56,2132,2012
"1162","7","Mississippi",27,3,9,15,3.56,2496,2013
"1163","7","North Carolina State",28,1,6,17,3.14,1889,2003
"1164","7","Oklahoma",24,3,13,8,3.79,2244,2002
"1165","7","Oklahoma",29,0,16,13,3.55,2213,2010
"1166","70","Boise State",18,0,0,3,2.17,180,2006
"1167","70","Boston College",17,0,1,6,2.47,260,2009
"1168","70","Brigham Young",29,0,1,7,2.31,1065,2013
"1169","70","Cincinnati",20,0,0,12,2.6,1065,2013
"1170","70","East Carolina",26,0,0,4,2.15,211,2007
"1171","70","Illinois",21,0,1,11,2.62,367,2010
"1172","70","Illinois",24,0,1,5,2.29,980,2004
"1173","70","Southern Methodist",22,0,0,7,2.32,1065,2013
"1174","70","Southern Miss",27,0,1,12,2.52,407,2012
"1175","70","Troy",32,0,1,1,2.09,158,2005
"1176","70","Vanderbilt",21,0,0,15,2.71,285,2011
"1177","71","Colorado State",23,0,0,8,2.35,900,2003
"1178","71","Connecticut",22,0,0,3,2.14,194,2008
"1179","71","Marshall",27,0,1,8,2.37,315,2010
"1180","71","Memphis",26,0,0,11,2.42,341,2012
"1181","71","Ohio",21,0,0,3,1.95,170,2006
"1182","71","Purdue",27,0,3,13,2.7,962,2004
"1183","71","UCF",25,0,0,4,2.16,154,2005
"1184","71","Utah",25,0,0,8,2.32,202,2007
"1185","71","Vanderbilt",18,0,0,13,2.72,251,2009
"1186","71","Wyoming",24,0,0,8,2.33,279,2011
"1187","72","Boise State",21,0,0,11,2.52,238,2009
"1188","72","Duke",20,0,0,10,2.5,314,2010
"1189","72","East Carolina",28,0,0,5,2.18,955,2004
"1190","72","Hawaii",23,0,0,7,2.3,190,2008
"1191","72","Indiana",24,0,0,3,2.13,143,2005
"1192","72","Louisiana-Lafayette",24,0,0,3,2.13,143,2005
"1193","72","Memphis",22,0,1,5,2.32,895,2003
"1194","72","Minnesota",27,0,0,19,2.7,333,2012
"1195","72","Nevada",23,0,1,1,2.09,765,2002
"1196","72","New Mexico",25,0,0,3,2.12,143,2005
"1197","72","Troy",32,0,1,5,2.22,201,2007
"1198","72","UCF",21,0,0,6,2.29,159,2006
"1199","72","Washington State",27,0,1,12,2.52,274,2011
"1200","73","Auburn",27,0,4,10,2.67,954,2004
"1201","73","East Carolina",19,0,0,11,2.58,324,2012
"1202","73","Hawaii",19,0,0,8,2.42,197,2007
"1203","73","Houston",22,0,0,16,2.73,262,2011
"1204","73","Iowa State",23,0,1,10,2.52,236,2009
"1205","73","Kent State",30,0,0,0,2,880,2003
"1206","73","Memphis",17,0,0,2,2.12,155,2006
"1207","73","Northwestern",20,0,0,6,2.3,178,2008
"1208","73","San Diego State",27,0,1,15,2.63,310,2010
"1209","73","San Jose State",28,0,0,2,2.07,880,2003
"1210","73","Southern Miss",25,0,0,7,2.29,1035,2013
"1211","73","Syracuse",19,0,0,11,2.58,1035,2013
"1212","73","Tulsa",21,0,0,5,2.24,760,2002
"1213","73","Tulsa",21,0,1,5,2.33,1035,2013
"1214","73","UCF",18,0,0,11,2.61,1035,2013
"1215","73","UNLV",26,0,1,2,2.15,155,2006
"1216","74","Boise State",25,0,0,0,2,755,2002
"1217","74","Colorado",19,0,0,13,2.68,256,2011
"1218","74","Colorado",20,0,1,8,2.5,945,2004
"1219","74","Fresno State",26,0,0,7,2.27,190,2007
"1220","74","Kansas",20,0,0,15,2.75,285,2012
"1221","74","Louisiana Tech",19,0,0,3,1.95,172,2008
"1222","74","Pittsburgh",25,0,1,6,2.08,945,2004
"1223","74","Purdue",20,0,1,8,2.5,226,2009
"1224","74","Tulsa",25,0,0,17,2.68,309,2010
"1225","74","UNLV",23,0,1,1,2.04,755,2002
"1226","74","Vanderbilt",22,0,0,3,2.14,755,2002
"1227","75","Akron",26,0,0,7,2.19,180,2007
"1228","75","Connecticut",21,0,1,3,2.24,215,2009
"1229","75","Fresno State",19,0,0,3,2.16,137,2005
"1230","75","Nevada",25,0,1,1,2.12,855,2003
"1231","75","Syracuse",26,0,0,12,2.46,250,2011
"1232","75","Temple",25,0,0,7,2.28,299,2010
"1233","75","Tulsa",26,0,1,5,2.19,169,2008
"1234","75","Wake Forest",15,0,0,6,2.4,152,2006
"1235","75","Western Kentucky",13,0,0,7,2.54,259,2012
"1236","76","Arkansas",30,0,3,14,2.67,938,2004
"1237","76","Baylor",23,0,0,6,2.22,850,2003
"1238","76","Duke",20,0,0,11,2.55,238,2011
"1239","76","Kent State",22,0,1,2,2.18,163,2008
"1240","76","Louisiana Tech",26,0,0,9,2.35,214,2009
"1241","76","Louisville",26,0,1,8,2.31,214,2009
"1242","76","Miami (OH)",23,0,0,4,2.17,154,2007
"1243","76","Middle Tennessee",25,0,0,2,2.08,131,2005
"1244","76","Southern Methodist",26,0,0,16,2.62,297,2010
"1245","76","Temple",29,0,0,5,2.17,228,2012
"1246","76","Troy",25,0,1,1,2.12,150,2006
"1247","76","Utah",25,0,1,4,2.24,938,2004
"1248","77","Arkansas State",27,0,0,3,2.04,143,2007
"1249","77","Ball State",23,0,0,3,2.13,143,2006
"1250","77","Connecticut",23,0,0,9,2.39,214,2012
"1251","77","Louisiana-Lafayette",23,0,0,7,2.32,975,2013
"1252","77","Louisiana Tech",29,0,0,3,2.03,143,2006
"1253","77","New Mexico",25,0,0,3,2.08,835,2003
"1254","77","Northwestern",17,0,0,16,2.94,281,2010
"1255","77","San Diego State",21,0,0,4,2.19,154,2008
"1256","77","San Diego State",23,0,0,8,2.35,975,2013
"1257","77","Toledo",27,0,0,9,2.33,214,2012
"1258","77","Utah",21,0,0,4,2.19,735,2002
"1259","77","Utah State",25,0,0,8,2.32,191,2011
"1260","77","Wake Forest",20,0,1,4,2.1,735,2002
"1261","77","Wyoming",19,0,0,2,2.11,125,2005
"1262","78","California",18,0,6,6,3,935,2004
"1263","78","Duke",21,0,0,4,2.19,138,2007
"1264","78","Hawaii",27,0,0,9,2.26,190,2011
"1265","78","Indiana",20,0,0,5,2.15,152,2008
"1266","78","Marshall",19,0,0,1,2.05,113,2005
"1267","78","Northern Illinois",22,0,0,7,2.32,190,2011
"1268","78","Rice",24,0,0,3,2.13,205,2009
"1269","78","Syracuse",29,0,1,11,2.38,277,2010
"1270","78","Vanderbilt",22,0,1,3,2.23,820,2003
"1271","79","Ball State",26,0,0,2,2,131,2007
"1272","79","Bowling Green",23,0,0,4,2.17,810,2003
"1273","79","Connecticut",26,0,0,7,2.27,95,2005
"1274","79","East Carolina",21,0,0,11,2.52,251,2010
"1275","79","FIU",23,0,1,5,2.22,191,2009
"1276","79","Georgia Tech",24,0,1,3,2.21,932,2004
"1277","79","Louisiana Tech",21,0,0,7,2.35,960,2013
"1278","79","Nevada",22,0,0,3,2.14,143,2008
"1279","79","Ohio",19,0,0,8,2.42,197,2012
"1280","79","Rice",24,0,0,3,2.13,810,2003
"1281","79","San Jose State",15,0,4,1,2.6,730,2002
"1282","79","Southern Miss",23,0,0,7,2.3,95,2005
"1283","79","Southern Miss",24,0,0,3,2.13,810,2003
"1284","79","TCU",17,0,2,3,2.41,730,2002
"1285","79","Temple",27,0,0,3,1.89,135,2006
"1286","8","Auburn",23,2,9,12,3.57,2384,2013
"1287","8","Clemson",29,4,6,15,3.34,2173,2011
"1288","8","Miami (FL)",24,2,15,6,3.75,2228,2002
"1289","8","Michigan",22,1,12,8,3.59,2116,2004
"1290","8","Michigan",22,1,13,6,3.59,2124,2009
"1291","8","Notre Dame",18,1,12,4,3.72,1932,2007
"1292","8","Notre Dame",28,2,10,15,3.46,2189,2006
"1293","8","South Carolina",29,1,4,18,3,1831,2003
"1294","8","Texas A&M",26,1,9,11,3.23,1839,2005
"1295","8","UCLA",23,1,12,10,3.61,2105,2010
"1296","8","UCLA",24,0,17,6,3.67,2384,2013
"1297","8","USC",15,3,10,2,4.07,2040,2012
"1298","8","USC",19,2,13,4,3.89,2312,2008
"1299","80","Akron",22,0,0,4,2.18,138,2008
"1300","80","Buffalo",15,0,0,2,2.13,124,2006
"1301","80","New Mexico",17,0,1,5,2.41,243,2010
"1302","80","Southern Methodist",26,0,1,7,2.35,190,2009
"1303","80","TCU",24,0,1,11,2.54,124,2007
"1304","80","Tulane",16,0,1,6,2.5,181,2012
"1305","80","Tulane",22,0,0,6,2.27,945,2013
"1306","80","Tulsa",26,0,0,5,2.19,925,2004
"1307","80","UNLV",23,0,0,6,2.26,178,2011
"1308","81","Boston College",20,1,1,11,2.8,921,2004
"1309","81","Buffalo",24,0,0,0,2,725,2002
"1310","81","East Carolina",21,0,0,3,2.14,135,2008
"1311","81","FIU",18,0,0,2,2.11,120,2007
"1312","81","Indiana",21,0,0,3,2.1,725,2002
"1313","81","Kent State",21,0,0,5,2.14,214,2010
"1314","81","Miami (OH)",26,0,0,6,2.23,178,2012
"1315","81","New Mexico",17,0,0,7,2.41,154,2011
"1316","81","Northwestern",17,0,0,4,2.24,123,2006
"1317","81","Southern Methodist",26,0,0,6,2.23,90,2005
"1318","81","Texas State",22,0,0,8,2.36,930,2013
"1319","81","UNLV",22,0,0,8,2.36,179,2009
"1320","81","Western Michigan",23,0,0,1,2.04,725,2002
"1321","81","Wyoming",22,0,1,0,2.09,725,2002
"1322","82","Boise State",10,0,1,6,2.8,203,2010
"1323","82","Colorado State",24,0,0,7,2.29,915,2013
"1324","82","Fresno State",17,0,1,3,2.29,167,2009
"1325","82","Kent State",18,0,0,1,2.06,153,2011
"1326","82","Nevada",23,0,0,7,2.3,169,2012
"1327","82","New Mexico State",21,0,0,2,2.1,117,2007
"1328","82","Rice",18,0,0,1,2.06,108,2006
"1329","82","Rutgers",23,0,1,6,2.26,920,2004
"1330","82","Temple",26,0,0,2,2.08,131,2008
"1331","82","Troy",25,0,0,2,2.08,805,2003
"1332","82","UNLV",29,0,0,5,2.17,85,2005
"1333","83","Akron",23,0,0,4,2.17,80,2005
"1334","83","Bowling Green",23,0,0,3,2.13,900,2013
"1335","83","Brigham Young",23,0,1,10,2.52,119,2008
"1336","83","Colorado State",27,0,0,4,2.15,915,2004
"1337","83","Connecticut",20,0,0,9,2.45,202,2010
"1338","83","Fresno State",20,0,0,7,2.35,95,2006
"1339","83","Hawaii",22,0,0,4,2.18,790,2003
"1340","83","Louisiana Tech",25,0,0,17,2.68,145,2011
"1341","83","Minnesota",24,0,0,6,2.25,915,2004
"1342","83","New Mexico",20,0,0,4,2.2,154,2009
"1343","83","New Mexico",24,0,0,5,2.21,166,2012
"1344","83","North Texas",24,0,0,2,2.08,790,2003
"1345","83","Northern Illinois",24,0,0,4,2.17,80,2005
"1346","83","Northern Illinois",25,0,0,8,2.32,202,2010
"1347","83","Ohio",21,0,0,4,2.19,154,2009
"1348","83","UTEP",27,0,0,8,2.3,202,2010
"1349","83","Western Michigan",23,0,0,1,2.04,113,2007
"1350","83","Wyoming",25,0,0,4,2.16,154,2009
"1351","84","FIU",29,0,0,19,2.66,155,2012
"1352","84","Fresno State",17,0,0,4,2.24,138,2011
"1353","84","Georgia Tech",14,0,0,10,2.71,885,2013
"1354","84","Indiana",21,0,0,5,2.24,85,2006
"1355","84","Miami (OH)",18,0,0,1,2.06,108,2008
"1356","84","Nevada",20,0,0,2,2,112,2007
"1357","84","Temple",21,0,0,7,2.33,885,2013
"1358","85","Connecticut",22,0,0,4,2.18,80,2006
"1359","85","East Carolina",22,0,0,2,2,705,2002
"1360","85","Eastern Michigan",25,0,0,1,2.04,107,2007
"1361","85","Eastern Michigan",25,0,0,1,2.04,107,2008
"1362","85","Hawaii",18,0,0,6,2.33,149,2012
"1363","85","Hawaii",19,0,0,4,2.21,77,2005
"1364","85","Memphis",24,0,1,3,2.21,905,2004
"1365","85","Southern Miss",25,0,0,15,2.6,135,2011
"1366","85","Temple",30,0,0,1,2.03,905,2004
"1367","85","Tulane",22,0,0,4,2.18,780,2003
"1368","86","Akron",23,0,0,0,2,700,2002
"1369","86","Florida Atlantic",22,0,0,3,2.14,870,2013
"1370","86","Louisiana-Monroe",23,0,0,0,2,700,2002
"1371","86","Navy",18,0,0,4,2.22,144,2012
"1372","86","New Mexico State",21,0,0,8,2.38,179,2010
"1373","86","North Carolina State",20,0,1,13,2.75,134,2011
"1374","86","North Texas",27,0,0,8,2.3,100,2008
"1375","86","Ohio",23,0,0,0,1.91,96,2007
"1376","86","San Diego State",18,0,0,5,2.28,79,2006
"1377","86","Toledo",20,0,1,1,2.15,150,2009
"1378","86","Tulsa",22,0,1,2,2.18,775,2003
"1379","86","Utah State",23,0,0,3,2.13,775,2003
"1380","86","UTEP",30,0,0,3,2.1,75,2005
"1381","87","Arkansas State",22,0,0,2,2.09,70,2005
"1382","87","Boston College",15,0,0,8,2.53,855,2013
"1383","87","Central Michigan",21,0,0,4,2.19,855,2013
"1384","87","Colorado State",23,0,0,3,2.13,75,2006
"1385","87","Houston",26,0,0,2,2.08,70,2005
"1386","87","Indiana",26,0,0,5,2.12,900,2004
"1387","87","Iowa State",21,0,0,16,2.76,140,2012
"1388","87","Kent State",24,0,0,2,2.08,70,2005
"1389","87","Memphis",31,0,0,2,2.06,70,2005
"1390","87","Mississippi State",23,0,1,4,2.26,900,2004
"1391","87","Nevada",28,0,0,3,1.96,75,2006
"1392","87","Northwestern",17,0,0,15,2.88,126,2011
"1393","87","San Jose State",18,0,1,2,2.11,146,2009
"1394","87","Toledo",23,0,0,2,2.09,70,2005
"1395","87","Toledo",23,0,0,3,2.13,75,2006
"1396","87","UNLV",22,0,0,7,2.32,95,2007
"1397","87","UTEP",29,0,0,3,2.1,75,2006
"1398","87","Vanderbilt",24,0,0,2,2.08,70,2005
"1399","87","Washington State",27,0,0,6,2.15,90,2008
"1400","87","Western Michigan",25,0,0,2,2.08,70,2005
"1401","87","Wisconsin",24,0,0,21,2.88,160,2010
"1402","88","Akron",24,0,1,4,2.25,159,2010
"1403","88","Central Michigan",16,0,0,1,1.94,92,2007
"1404","88","Connecticut",20,0,0,5,2.25,770,2003
"1405","88","Eastern Michigan",23,0,0,0,1.83,650,2002
"1406","88","Memphis",19,0,0,6,2.32,87,2008
"1407","88","Miami (OH)",25,0,0,3,2.12,143,2009
"1408","88","New Mexico",18,0,0,4,2.22,650,2002
"1409","88","Rice",19,0,0,13,2.68,122,2011
"1410","88","Toledo",22,0,0,3,2.14,770,2003
"1411","88","Tulsa",20,0,0,14,2.7,130,2012
"1412","89","Boise State",19,0,0,5,2.26,82,2008
"1413","89","Cincinnati",23,0,0,6,2.26,90,2007
"1414","89","Florida Atlantic",26,0,0,2,2.08,131,2009
"1415","89","Houston",28,0,0,6,2.14,90,2007
"1416","89","Louisiana Tech",22,0,0,6,2.27,90,2007
"1417","89","Memphis",29,0,0,6,2.21,840,2013
"1418","89","Southern Methodist",22,0,0,13,2.59,125,2012
"1419","89","TCU",21,0,1,6,2.38,893,2004
"1420","89","Temple",30,0,0,6,2.13,90,2007
"1421","89","Tulsa",23,0,0,12,2.52,120,2011
"1422","89","UTEP",23,0,0,6,2.26,90,2007
"1423","89","Wake Forest",20,0,0,6,2.3,90,2007
"1424","89","Washington State",28,0,4,9,2.61,893,2004
"1425","89","Western Kentucky",18,0,0,5,2.28,139,2010
"1426","89","Western Michigan",26,0,0,2,2,131,2009
"1427","89","Wyoming",21,0,0,6,2.29,90,2007
"1428","9","California",24,1,9,12,3.38,1816,2005
"1429","9","Florida State",30,2,13,8,3.33,2251,2008
"1430","9","Georgia",21,1,11,8,3.57,2074,2004
"1431","9","Georgia",23,0,12,10,3.48,1895,2007
"1432","9","Miami (FL)",33,2,8,23,3.36,1975,2012
"1433","9","Mississippi State",28,2,3,18,3.07,1799,2003
"1434","9","North Carolina",29,1,13,10,3.34,2084,2009
"1435","9","Oklahoma",28,1,13,14,3.54,2180,2006
"1436","9","Oregon",23,2,9,12,3.57,2048,2011
"1437","9","Tennessee",25,1,12,9,3.44,2048,2010
"1438","9","UCLA",26,2,12,11,3.58,2213,2002
"1439","90","Colorado State",25,0,0,4,2.16,80,2008
"1440","90","FIU",24,0,0,4,2.17,80,2008
"1441","90","New Mexico",22,0,0,4,2.18,80,2008
"1442","90","Ohio",20,0,0,4,2.2,80,2008
"1443","90","Rice",18,0,0,4,2.22,825,2013
"1444","90","South Florida",20,0,0,1,2.05,645,2002
"1445","90","Southern Methodist",28,0,0,4,2.14,80,2008
"1446","90","UCF",17,0,0,13,2.76,116,2012
"1447","90","Utah",19,0,0,7,2.37,760,2003
"1448","90","Vanderbilt",21,0,0,4,2.19,80,2008
"1449","90","Washington State",26,0,0,14,2.46,130,2010
"1450","90","Western Kentucky",26,0,0,11,2.42,115,2011
"1451","90","Western Kentucky",32,0,0,3,2.09,825,2013
"1452","91","Arkansas State",21,0,0,1,2.05,65,2006
"1453","91","Bowling Green",25,0,0,1,1.96,65,2006
"1454","91","FIU",24,0,0,10,2.42,110,2011
"1455","91","Houston",25,0,0,1,2.04,65,2006
"1456","91","Idaho",20,0,0,1,2.05,65,2006
"1457","91","Louisiana-Lafayette",21,0,0,1,2.05,65,2006
"1458","91","Louisiana-Monroe",25,0,0,0,2,755,2003
"1459","91","Miami (OH)",22,0,0,1,2.05,65,2006
"1460","91","New Mexico",26,0,0,1,2.04,65,2006
"1461","91","Northern Illinois",20,0,0,0,2,610,2002
"1462","91","Northern Illinois",26,0,0,3,1.96,128,2009
"1463","91","Notre Dame",16,0,2,8,2.75,885,2004
"1464","91","Rice",24,0,0,11,2.46,115,2012
"1465","91","San Jose State",28,0,0,1,2.04,65,2006
"1466","91","Texas State",24,0,0,11,2.46,115,2012
"1467","91","Tulane",24,0,0,1,2.04,65,2006
"1468","91","Tulane",25,0,0,4,2.16,885,2004
"1469","91","Tulsa",23,0,0,1,1.96,65,2006
"1470","91","UAB",27,0,0,12,2.37,120,2010
"1471","91","UAB",27,0,1,0,1.26,610,2002
"1472","91","Utah State",22,0,0,1,1.95,65,2006
"1473","91","Wyoming",22,0,0,1,1.95,65,2006
"1474","92","Cincinnati",24,0,0,1,2.04,750,2003
"1475","92","East Carolina",24,0,0,6,2.25,810,2013
"1476","92","Hawaii",24,0,0,4,2.17,810,2013
"1477","92","Hawaii",31,0,0,12,2.39,120,2009
"1478","92","Indiana",25,0,0,11,2.44,115,2010
"1479","92","Kansas State",25,0,0,12,2.48,120,2009
"1480","92","Navy",27,0,0,2,2.08,810,2013
"1481","92","Nevada",22,0,0,5,2.23,810,2013
"1482","92","UAB",25,0,0,9,2.36,105,2011
"1483","92","Washington State",22,0,0,12,2.55,120,2009
"1484","93","Florida Atlantic",26,0,0,10,2.38,110,2012
"1485","93","Louisiana Tech",29,0,0,1,2.03,880,2004
"1486","93","Middle Tennessee",20,0,0,8,2.4,100,2011
"1487","93","Penn State",11,0,4,6,3.27,744,2003
"1488","93","Purdue",15,0,0,11,2.73,100,2011
"1489","93","Troy",34,0,0,10,2.29,110,2010
"1490","93","Utah State",19,0,0,0,2,575,2002
"1491","94","Central Michigan",25,0,0,1,2.04,65,2005
"1492","94","Cincinnati",24,0,0,1,2.04,65,2005
"1493","94","FIU",19,0,0,10,2.53,107,2010
"1494","94","Kentucky",16,0,1,1,2.19,555,2002
"1495","94","Louisiana Tech",19,0,0,5,2.26,735,2003
"1496","94","Louisiana Tech",24,0,0,1,2.04,65,2005
"1497","94","Nevada",22,0,0,1,2.05,65,2005
"1498","94","North Texas",24,0,0,1,2.04,65,2005
"1499","94","Northern Illinois",30,0,0,8,2.27,100,2012
"1500","94","Oregon State",28,0,2,15,2.68,879,2004
"1501","94","Rice",22,0,0,1,2.05,65,2005
"1502","94","Temple",29,0,0,1,2.03,65,2005
"1503","95","Air Force",43,0,0,7,2.16,95,2011
"1504","95","Arkansas State",21,0,0,1,2.05,119,2009
"1505","95","Arkansas State",23,0,0,7,2.3,95,2011
"1506","95","Bowling Green",24,0,0,7,2.29,95,2011
"1507","95","Buffalo",24,0,0,0,2,725,2003
"1508","95","Central Michigan",18,0,0,0,2,550,2002
"1509","95","Idaho",24,0,0,9,2.38,105,2010
"1510","95","Louisiana-Lafayette",25,0,0,7,2.28,95,2012
"1511","95","Louisiana-Lafayette",28,0,0,7,2.25,95,2011
"1512","95","Middle Tennessee",20,0,0,9,2.45,105,2010
"1513","95","Nebraska",18,0,2,11,2.83,866,2004
"1514","95","Nevada",28,0,0,9,2.32,105,2010
"1515","95","San Diego State",12,0,3,3,2.75,550,2002
"1516","96","Arkansas State",28,0,0,1,2.04,865,2004
"1517","96","Kansas",21,0,0,7,2.33,865,2004
"1518","96","Louisiana-Monroe",21,0,0,3,2.14,75,2008
"1519","96","Louisiana Tech",17,0,0,8,2.47,91,2012
"1520","96","Memphis",23,0,0,5,2.22,85,2007
"1521","96","Middle Tennessee",25,0,0,6,2.24,795,2013
"1522","96","TCU",16,0,0,6,2.25,75,2008
"1523","96","Troy",23,0,0,3,2.13,795,2013
"1524","96","Tulane",25,0,0,8,2.32,100,2009
"1525","96","UAB",22,0,0,2,2.1,795,2013
"1526","96","UTEP",26,0,0,3,2.12,75,2008
"1527","96","Washington State",16,0,1,7,2.56,715,2003
"1528","96","Wyoming",22,0,0,3,2.14,75,2008
"1529","97","Akron",22,0,0,1,2.05,695,2003
"1530","97","Central Michigan",30,0,0,7,2.23,95,2009
"1531","97","East Carolina",22,0,0,7,2.32,95,2009
"1532","97","Indiana",20,0,0,5,2.15,82,2007
"1533","97","Marshall",24,0,0,7,2.29,95,2009
"1534","97","San Diego State",20,0,0,6,2.3,90,2012
"1535","97","Temple",19,0,0,1,1.84,540,2002
"1536","97","UTEP",21,0,0,7,2.33,95,2009
"1537","98","Fresno State",19,0,0,4,2.21,685,2003
"1538","98","New Mexico State",17,0,0,7,2.41,86,2012
"1539","98","North Texas",22,0,0,8,2.36,100,2010
"1540","98","Southern Methodist",23,0,0,4,2.17,80,2007
"1541","98","Tulane",24,0,0,1,1.13,480,2002
"1542","98","Tulsa",31,0,0,4,1.87,80,2007
"1543","98","Utah State",24,0,1,2,2.17,860,2004
"1544","99","Boise State",27,0,0,2,2.07,855,2004
"1545","99","Bowling Green",22,0,0,1,1,415,2002
"1546","99","Central Michigan",23,0,0,5,2.22,85,2012
"1547","99","Connecticut",28,0,0,1,2.04,855,2004
"1548","99","Eastern Michigan",24,0,0,5,2.21,85,2012
"1549","99","Idaho",22,0,0,0,2,670,2003
"1550","99","Kent State",25,0,0,5,2.2,85,2012
"1551","99","Louisiana Tech",17,0,0,9,2.53,96,2010
"1552","99","New Mexico",25,0,0,6,2.26,765,2013
"1553","99","North Texas",22,0,0,5,2.23,85,2012
"1554","99","Ohio",24,0,0,6,2.25,90,2011
"1555","99","San Jose State",20,0,0,5,2.25,85,2012
"1556","99","San Jose State",23,0,0,6,2.26,90,2011
"1557","99","Troy",23,0,0,5,2.22,85,2012
"1558","99","UTEP",22,0,0,5,2.23,85,2012
